device,fold,seq_len,train_windows,train_positive,val_windows,val_positive,test_windows,test_positive,status
设备0,0,3,3981,171,497,6,497,19,ready
设备0,0,6,3966,171,494,6,494,19,ready
设备0,0,12,3936,169,488,6,488,19,ready
设备0,0,24,3876,168,476,4,476,19,ready
设备0,1,3,3986,175,489,15,497,6,ready
设备0,1,6,3974,175,480,15,494,6,ready
设备0,1,12,3950,173,462,15,488,6,ready
设备0,1,24,3902,173,426,14,476,4,ready
设备0,2,3,3986,177,497,4,489,15,ready
设备0,2,6,3974,177,494,4,480,15,ready
设备0,2,12,3950,175,488,4,462,15,ready
设备0,2,24,3902,171,476,4,426,14,ready
设备0,3,3,3979,174,496,18,497,4,ready
设备0,3,6,3961,174,493,18,494,4,ready
设备0,3,12,3925,172,487,18,488,4,ready
设备0,3,24,3853,172,475,14,476,4,ready
设备0,4,3,3979,144,497,34,496,18,ready
设备0,4,6,3961,144,494,34,493,18,ready
设备0,4,12,3925,141,488,34,487,18,ready
设备0,4,24,3853,140,476,34,475,14,ready
设备0,5,3,3978,132,497,31,497,34,ready
设备0,5,6,3960,132,494,31,494,34,ready
设备0,5,12,3924,130,488,30,488,34,ready
设备0,5,24,3852,130,476,29,476,34,ready
设备0,6,3,3978,129,497,37,497,31,ready
设备0,6,6,3960,129,494,37,494,31,ready
设备0,6,12,3924,127,488,37,488,30,ready
设备0,6,24,3852,125,476,37,476,29,ready
设备0,7,3,3981,144,494,16,497,37,ready
设备0,7,6,3966,144,488,16,494,37,ready
设备0,7,12,3936,142,476,16,488,37,ready
设备0,7,24,3876,142,452,14,476,37,ready
设备0,8,3,3988,166,493,15,494,16,ready
设备0,8,6,3979,166,487,15,488,16,ready
设备0,8,12,3961,166,475,13,476,16,ready
设备0,8,24,3925,166,451,13,452,14,ready
设备0,9,3,3985,162,497,19,493,15,ready
设备0,9,6,3973,162,494,19,487,15,ready
设备0,9,12,3949,162,488,19,475,13,ready
设备0,9,24,3901,160,476,19,451,13,ready
设备10,0,3,2681,143,328,13,333,33,ready
设备10,0,6,2669,143,319,13,330,33,ready
设备10,0,12,2645,143,301,12,324,33,ready
设备10,0,24,2597,143,265,10,312,33,ready
设备10,1,3,2677,154,334,21,328,13,ready
设备10,1,6,2662,154,331,21,319,13,ready
设备10,1,12,2632,154,325,21,301,12,ready
设备10,1,24,2572,151,313,21,265,10,ready
设备10,2,3,2672,138,333,29,334,21,ready
设备10,2,6,2651,138,330,29,331,21,ready
设备10,2,12,2609,138,324,29,325,21,ready
设备10,2,24,2525,137,312,26,313,21,ready
设备10,3,3,2672,131,334,28,333,29,ready
设备10,3,6,2651,131,331,28,330,29,ready
设备10,3,12,2609,131,325,28,324,29,ready
设备10,3,24,2525,130,313,27,312,26,ready
设备10,4,3,2671,140,334,20,334,28,ready
设备10,4,6,2650,140,331,20,331,28,ready
设备10,4,12,2608,140,325,20,325,28,ready
设备10,4,24,2524,139,313,19,313,27,ready
设备10,5,3,2672,143,333,25,334,20,ready
设备10,5,6,2651,143,330,25,331,20,ready
设备10,5,12,2609,143,324,25,325,20,ready
设备10,5,24,2525,143,312,24,313,19,ready
设备10,6,3,2675,148,331,15,333,25,ready
设备10,6,6,2657,148,325,15,330,25,ready
设备10,6,12,2621,148,313,15,324,25,ready
设备10,6,24,2549,148,289,15,312,24,ready
设备10,7,3,2677,173,331,1,331,15,ready
设备10,7,6,2662,173,325,1,325,15,ready
设备10,7,12,2632,173,313,1,313,15,ready
设备10,7,24,2572,173,289,1,289,15,ready
设备10,8,3,2681,186,330,2,331,1,ready
设备10,8,6,2669,186,324,2,325,1,ready
设备10,8,12,2645,186,312,2,313,1,ready
设备10,8,24,2597,186,288,2,289,1,ready
设备10,9,3,2679,154,333,33,330,2,ready
设备10,9,6,2664,154,330,33,324,2,ready
设备10,9,12,2634,153,324,33,312,2,ready
设备10,9,24,2574,151,312,33,288,2,ready
设备11,0,3,2618,121,320,16,325,30,ready
设备11,0,6,2606,121,311,16,322,30,ready
设备11,0,12,2582,121,293,14,316,30,ready
设备11,0,24,2534,121,257,13,304,30,ready
设备11,1,3,2614,135,326,14,320,16,ready
设备11,1,6,2599,135,323,14,311,16,ready
设备11,1,12,2569,135,317,14,293,14,ready
设备11,1,24,2509,133,305,14,257,13,ready
设备11,2,3,2608,125,326,25,326,14,ready
设备11,2,6,2587,125,323,25,323,14,ready
设备11,2,12,2545,125,317,25,317,14,ready
设备11,2,24,2461,124,305,23,305,14,ready
设备11,3,3,2609,111,325,28,326,25,ready
设备11,3,6,2588,111,322,28,323,25,ready
设备11,3,12,2546,111,316,28,317,25,ready
设备11,3,24,2462,111,304,27,305,23,ready
设备11,4,3,2609,124,326,14,325,28,ready
设备11,4,6,2588,124,323,14,322,28,ready
设备11,4,12,2546,124,317,14,316,28,ready
设备11,4,24,2462,123,305,14,304,27,ready
设备11,5,3,2608,135,326,16,326,14,ready
设备11,5,6,2587,134,323,16,323,14,ready
设备11,5,12,2545,132,317,16,317,14,ready
设备11,5,24,2461,131,305,15,305,14,ready
设备11,6,3,2611,133,323,16,326,16,ready
设备11,6,6,2593,133,317,15,323,16,ready
设备11,6,12,2557,133,305,13,317,16,ready
设备11,6,24,2485,133,281,12,305,15,ready
设备11,7,3,2614,148,323,1,323,16,ready
设备11,7,6,2599,148,317,1,317,15,ready
设备11,7,12,2569,148,305,1,305,13,ready
设备11,7,24,2509,148,281,1,281,12,ready
设备11,8,3,2618,164,322,2,323,1,ready
设备11,8,6,2606,164,316,2,317,1,ready
设备11,8,12,2582,164,304,2,305,1,ready
设备11,8,24,2534,164,280,2,281,1,ready
设备11,9,3,2616,135,325,30,322,2,ready
设备11,9,6,2601,135,322,30,316,2,ready
设备11,9,12,2571,133,316,30,304,2,ready
设备11,9,24,2511,132,304,30,280,2,ready
设备12,0,3,7426,2289,926,241,927,166,ready
设备12,0,6,7420,2287,923,241,924,166,ready
设备12,0,12,7408,2284,917,240,918,164,ready
设备12,0,24,7384,2273,905,238,906,162,ready
设备12,1,3,7424,2106,926,348,926,241,ready
设备12,1,6,7415,2104,923,347,923,241,ready
设备12,1,12,7397,2097,917,346,917,240,ready
设备12,1,24,7361,2089,905,338,905,238,ready
设备12,2,3,7424,1871,926,475,926,348,ready
设备12,2,6,7415,1868,923,474,923,347,ready
设备12,2,12,7397,1862,917,471,917,346,ready
设备12,2,24,7361,1855,905,468,905,338,ready
设备12,3,3,7427,1967,923,252,926,475,ready
设备12,3,6,7421,1967,917,249,923,474,ready
设备12,3,12,7409,1964,905,245,917,471,ready
设备12,3,24,7385,1958,881,240,905,468,ready
设备12,4,3,7427,2217,926,225,923,252,ready
设备12,4,6,7421,2217,923,225,917,249,ready
设备12,4,12,7409,2213,917,224,905,245,ready
设备12,4,24,7385,2208,905,220,881,240,ready
设备12,5,3,7424,2152,926,318,926,225,ready
设备12,5,6,7415,2150,923,318,923,225,ready
设备12,5,12,7397,2144,917,316,917,224,ready
设备12,5,24,7361,2137,905,313,905,220,ready
设备12,6,3,7424,2121,926,255,926,318,ready
设备12,6,6,7415,2120,923,254,923,318,ready
设备12,6,12,7397,2116,917,252,917,316,ready
设备12,6,24,7361,2111,905,250,905,313,ready
设备12,7,3,7424,2252,926,188,926,255,ready
设备12,7,6,7415,2250,923,188,923,254,ready
设备12,7,12,7397,2246,917,188,917,252,ready
设备12,7,24,7361,2238,905,188,905,250,ready
设备12,8,3,7427,2286,926,222,926,188,ready
设备12,8,6,7421,2285,923,221,923,188,ready
设备12,8,12,7409,2281,917,221,917,188,ready
设备12,8,24,7385,2276,905,218,905,188,ready
设备12,9,3,7426,2308,927,166,926,222,ready
设备12,9,6,7420,2307,924,166,923,221,ready
设备12,9,12,7408,2304,918,164,917,221,ready
设备12,9,24,7384,2299,906,162,905,218,ready
设备13,0,3,3831,59,479,19,476,5,ready
设备13,0,6,3811,57,476,19,470,4,ready
设备13,0,12,3775,55,470,19,458,4,ready
设备13,0,24,3703,52,458,19,434,4,ready
设备13,1,3,3826,58,478,6,479,19,ready
设备13,1,6,3800,55,475,6,476,19,ready
设备13,1,12,3752,53,469,6,470,19,ready
设备13,1,24,3656,50,457,5,458,19,ready
设备13,2,3,3826,64,479,13,478,6,ready
设备13,2,6,3800,61,476,13,475,6,ready
设备13,2,12,3752,59,470,13,469,6,ready
设备13,2,24,3656,57,458,12,457,5,ready
设备13,3,3,3826,60,478,11,479,13,ready
设备13,3,6,3800,57,475,11,476,13,ready
设备13,3,12,3752,55,469,11,470,13,ready
设备13,3,24,3656,52,457,11,458,12,ready
设备13,4,3,3826,66,479,7,478,11,ready
设备13,4,6,3800,63,476,7,475,11,ready
设备13,4,12,3752,61,470,7,469,11,ready
设备13,4,24,3656,59,458,6,457,11,ready
设备13,5,3,3828,66,476,11,479,7,ready
设备13,5,6,3805,63,470,11,476,7,ready
设备13,5,12,3763,62,458,10,470,7,ready
设备13,5,24,3679,62,434,8,458,6,ready
设备13,6,3,3832,69,475,4,476,11,ready
设备13,6,6,3812,66,469,4,470,11,ready
设备13,6,12,3776,66,457,3,458,10,ready
设备13,6,24,3704,66,433,3,434,8,ready
设备13,7,3,3841,74,467,6,475,4,ready
设备13,7,6,3829,73,453,4,469,4,ready
设备13,7,12,3805,72,429,4,457,3,ready
设备13,7,24,3757,70,381,4,433,3,ready
设备13,8,3,3841,77,478,1,467,6,ready
设备13,8,6,3829,76,475,1,453,4,ready
设备13,8,12,3805,74,469,1,429,4,ready
设备13,8,24,3757,72,457,1,381,4,ready
设备13,9,3,3832,78,476,5,478,1,ready
设备13,9,6,3812,76,470,4,475,1,ready
设备13,9,12,3776,74,458,4,469,1,ready
设备13,9,24,3704,72,434,4,457,1,ready
设备14,0,3,4551,163,567,11,568,37,ready
设备14,0,6,4539,163,564,11,565,36,ready
设备14,0,12,4515,163,558,11,559,36,ready
设备14,0,24,4467,161,546,11,547,36,ready
设备14,1,3,4557,190,559,10,567,11,ready
设备14,1,6,4551,188,547,10,564,11,ready
设备14,1,12,4539,186,523,10,558,11,ready
设备14,1,24,4515,185,485,10,546,11,ready
设备14,2,3,4557,186,567,15,559,10,ready
设备14,2,6,4551,185,564,14,547,10,ready
设备14,2,12,4539,185,558,12,523,10,ready
设备14,2,24,4515,185,546,11,485,10,ready
设备14,3,3,4549,152,567,44,567,15,ready
设备14,3,6,4534,149,564,44,564,14,ready
设备14,3,12,4504,149,558,44,558,12,ready
设备14,3,24,4454,147,546,44,546,11,ready
设备14,4,3,4548,127,568,40,567,44,ready
设备14,4,6,4533,125,565,38,564,44,ready
设备14,4,12,4503,125,559,38,558,44,ready
设备14,4,24,4443,123,547,36,546,44,ready
设备14,5,3,4548,146,567,25,568,40,ready
设备14,5,6,4533,145,564,24,565,38,ready
设备14,5,12,4503,145,558,24,559,38,ready
设备14,5,24,4443,143,546,24,547,36,ready
设备14,6,3,4548,177,568,9,567,25,ready
设备14,6,6,4533,176,565,9,564,24,ready
设备14,6,12,4503,174,559,9,558,24,ready
设备14,6,24,4443,172,547,9,546,24,ready
设备14,7,3,4548,192,567,10,568,9,ready
设备14,7,6,4533,191,564,10,565,9,ready
设备14,7,12,4503,191,558,8,559,9,ready
设备14,7,24,4443,189,546,8,547,9,ready
设备14,8,3,4552,191,567,10,567,10,ready
设备14,8,6,4540,190,564,10,564,10,ready
设备14,8,12,4516,190,558,10,558,8,ready
设备14,8,24,4468,188,546,10,546,8,ready
设备14,9,3,4551,164,568,37,567,10,ready
设备14,9,6,4539,164,565,36,564,10,ready
设备14,9,12,4515,164,559,36,558,10,ready
设备14,9,24,4467,162,547,36,546,10,ready
设备15,0,3,1904,25,236,5,236,2,ready
设备15,0,6,1898,24,233,5,233,2,ready
设备15,0,12,1886,24,227,4,227,2,ready
设备15,0,24,1862,24,215,4,215,2,ready
设备15,1,3,1901,25,236,2,236,5,ready
设备15,1,6,1892,24,233,2,233,5,ready
设备15,1,12,1874,24,227,2,227,4,ready
设备15,1,24,1838,24,215,2,215,4,ready
设备15,2,3,1901,29,236,1,236,2,ready
设备15,2,6,1892,28,233,1,233,2,ready
设备15,2,12,1874,28,227,1,227,2,ready
设备15,2,24,1838,28,215,1,215,2,ready
设备15,3,3,1902,30,235,1,236,1,ready
设备15,3,6,1893,29,232,1,233,1,ready
设备15,3,12,1875,29,226,1,227,1,ready
设备15,3,24,1839,29,214,1,215,1,ready
设备15,4,3,1902,27,236,4,235,1,ready
设备15,4,6,1893,26,233,4,232,1,ready
设备15,4,12,1875,26,227,4,226,1,ready
设备15,4,24,1839,26,215,4,214,1,ready
设备15,5,3,1901,25,236,3,236,4,ready
设备15,5,6,1892,24,233,3,233,4,ready
设备15,5,12,1874,24,227,3,227,4,ready
设备15,5,24,1838,24,215,3,215,4,ready
设备15,6,3,1901,25,236,4,236,3,ready
设备15,6,6,1892,24,233,4,233,3,ready
设备15,6,12,1874,24,227,4,227,3,ready
设备15,6,24,1838,24,215,4,215,3,ready
设备15,7,3,1901,24,236,4,236,4,ready
设备15,7,6,1892,23,233,4,233,4,ready
设备15,7,12,1874,23,227,4,227,4,ready
设备15,7,24,1838,21,215,4,215,4,ready
设备15,8,3,1908,22,232,6,236,4,ready
设备15,8,6,1905,22,226,5,233,4,ready
设备15,8,12,1899,22,214,5,227,4,ready
设备15,8,24,1887,22,190,3,215,4,ready
设备15,9,3,1908,24,236,2,232,6,ready
设备15,9,6,1905,24,233,2,226,5,ready
设备15,9,12,1899,23,227,2,214,5,ready
设备15,9,24,1887,23,215,2,190,3,ready
设备16,0,3,1592,33,199,8,199,0,ready
设备16,0,6,1574,33,196,8,196,0,ready
设备16,0,12,1538,33,190,8,190,0,ready
设备16,0,24,1466,33,178,7,178,0,ready
设备16,1,3,1589,32,199,1,199,8,ready
设备16,1,6,1568,32,196,1,196,8,ready
设备16,1,12,1526,32,190,1,190,8,ready
设备16,1,24,1442,32,178,1,178,7,ready
设备16,2,3,1589,39,199,1,199,1,ready
设备16,2,6,1568,39,196,1,196,1,ready
设备16,2,12,1526,39,190,1,190,1,ready
设备16,2,24,1442,39,178,1,178,1,ready
设备16,3,3,1599,35,189,5,199,1,ready
设备16,3,6,1584,35,180,5,196,1,ready
设备16,3,12,1554,35,162,5,190,1,ready
设备16,3,24,1494,35,126,5,178,1,ready
设备16,4,3,1606,33,192,3,189,5,ready
设备16,4,6,1597,33,183,3,180,5,ready
设备16,4,12,1579,33,165,3,162,5,ready
设备16,4,24,1543,33,129,3,126,5,ready
设备16,5,3,1596,32,199,6,192,3,ready
设备16,5,6,1581,32,196,6,183,3,ready
设备16,5,12,1551,32,190,6,165,3,ready
设备16,5,24,1491,28,178,6,129,3,ready
设备16,6,3,1592,19,196,16,199,6,ready
设备16,6,6,1574,19,190,16,196,6,ready
设备16,6,12,1538,19,178,16,190,6,ready
设备16,6,24,1466,19,154,12,178,6,ready
设备16,7,3,1592,24,199,1,196,16,ready
设备16,7,6,1574,24,196,1,190,16,ready
设备16,7,12,1538,24,190,1,178,16,ready
设备16,7,24,1466,24,178,1,154,12,ready
设备16,8,3,1593,40,198,0,199,1,ready
设备16,8,6,1575,40,195,0,196,1,ready
设备16,8,12,1539,40,189,0,190,1,ready
设备16,8,24,1467,40,177,0,178,1,ready
设备16,9,3,1593,41,199,0,198,0,ready
设备16,9,6,1575,41,196,0,195,0,ready
设备16,9,12,1539,41,190,0,189,0,ready
设备16,9,24,1467,40,178,0,177,0,ready
设备17,0,3,6119,211,764,24,764,13,ready
设备17,0,6,6104,210,761,24,761,13,ready
设备17,0,12,6074,210,755,24,755,13,ready
设备17,0,24,6014,209,743,23,743,13,ready
设备17,1,3,6116,200,764,24,764,24,ready
设备17,1,6,6098,199,761,24,761,24,ready
设备17,1,12,6062,198,755,24,755,24,ready
设备17,1,24,5990,196,743,24,743,23,ready
设备17,2,3,6116,177,764,47,764,24,ready
设备17,2,6,6098,176,761,47,761,24,ready
设备17,2,12,6062,176,755,46,755,24,ready
设备17,2,24,5990,175,743,45,743,24,ready
设备17,3,3,6123,194,757,7,764,47,ready
设备17,3,6,6111,193,748,7,761,47,ready
设备17,3,12,6087,193,730,7,755,46,ready
设备17,3,24,6039,193,694,6,743,45,ready
设备17,4,3,6126,217,761,24,757,7,ready
设备17,4,6,6117,216,755,24,748,7,ready
设备17,4,12,6099,216,743,24,730,7,ready
设备17,4,24,6063,216,719,24,694,6,ready
设备17,5,3,6119,191,764,33,761,24,ready
设备17,5,6,6104,190,761,33,755,24,ready
设备17,5,12,6074,185,755,33,743,24,ready
设备17,5,24,6014,184,743,33,719,24,ready
设备17,6,3,6116,182,764,33,764,33,ready
设备17,6,6,6098,181,761,33,761,33,ready
设备17,6,12,6062,179,755,28,755,33,ready
设备17,6,24,5990,176,743,28,743,33,ready
设备17,7,3,6116,183,764,32,764,33,ready
设备17,7,6,6098,182,761,32,761,33,ready
设备17,7,12,6062,182,755,30,755,28,ready
设备17,7,24,5990,181,743,28,743,28,ready
设备17,8,3,6123,205,760,11,764,32,ready
设备17,8,6,6111,205,754,10,761,32,ready
设备17,8,12,6087,205,742,10,755,30,ready
设备17,8,24,6039,204,718,10,743,28,ready
设备17,9,3,6123,224,764,13,760,11,ready
设备17,9,6,6111,224,761,13,754,10,ready
设备17,9,12,6087,224,755,13,742,10,ready
设备17,9,24,6039,222,743,13,718,10,ready
设备18,0,3,3741,63,468,3,468,1,ready
设备18,0,6,3720,62,465,3,465,1,ready
设备18,0,12,3678,59,459,3,459,1,ready
设备18,0,24,3594,47,447,3,447,1,ready
设备18,1,3,3742,57,464,7,468,3,ready
设备18,1,6,3721,56,458,7,465,3,ready
设备18,1,12,3679,53,446,7,459,3,ready
设备18,1,24,3595,42,422,6,447,3,ready
设备18,2,3,3743,55,467,5,464,7,ready
设备18,2,6,3722,54,464,5,458,7,ready
设备18,2,12,3680,51,458,5,446,7,ready
设备18,2,24,3596,40,446,5,422,6,ready
设备18,3,3,3742,59,465,3,467,5,ready
设备18,3,6,3721,58,459,3,464,5,ready
设备18,3,12,3679,55,447,3,458,5,ready
设备18,3,24,3595,43,423,3,446,5,ready
设备18,4,3,3749,60,460,4,465,3,ready
设备18,4,6,3734,59,451,4,459,3,ready
设备18,4,12,3704,56,433,4,447,3,ready
设备18,4,24,3644,45,397,3,423,3,ready
设备18,5,3,3747,61,467,2,460,4,ready
设备18,5,6,3729,60,464,2,451,4,ready
设备18,5,12,3693,57,458,2,433,4,ready
设备18,5,24,3621,46,446,2,397,3,ready
设备18,6,3,3739,62,468,3,467,2,ready
设备18,6,6,3715,60,465,3,464,2,ready
设备18,6,12,3667,57,459,3,458,2,ready
设备18,6,24,3571,45,447,3,446,2,ready
设备18,7,3,3738,59,468,5,468,3,ready
设备18,7,6,3714,58,465,4,465,3,ready
设备18,7,12,3666,55,459,4,459,3,ready
设备18,7,24,3570,43,447,4,447,3,ready
设备18,8,3,3748,28,461,34,468,5,ready
设备18,8,6,3733,28,452,33,465,4,ready
设备18,8,12,3703,28,434,30,459,4,ready
设备18,8,24,3643,26,398,20,447,4,ready
设备18,9,3,3748,32,468,1,461,34,ready
设备18,9,6,3733,32,465,1,452,33,ready
设备18,9,12,3703,32,459,1,434,30,ready
设备18,9,24,3643,30,447,1,398,20,ready
设备19,0,3,5149,116,642,15,642,8,ready
设备19,0,6,5137,116,639,15,639,8,ready
设备19,0,12,5113,115,633,15,633,8,ready
设备19,0,24,5065,114,621,15,621,8,ready
设备19,1,3,5146,105,642,19,642,15,ready
设备19,1,6,5131,104,639,19,639,15,ready
设备19,1,12,5101,104,633,18,633,15,ready
设备19,1,24,5041,103,621,18,621,15,ready
设备19,2,3,5148,112,640,8,642,19,ready
设备19,2,6,5136,112,634,7,639,19,ready
设备19,2,12,5112,112,622,7,633,18,ready
设备19,2,24,5064,112,598,6,621,18,ready
设备19,3,3,5151,122,639,9,640,8,ready
设备19,3,6,5142,122,633,9,634,7,ready
设备19,3,12,5124,122,621,9,622,7,ready
设备19,3,24,5088,122,597,9,598,6,ready
设备19,4,3,5149,117,642,13,639,9,ready
设备19,4,6,5137,117,639,13,633,9,ready
设备19,4,12,5113,117,633,13,621,9,ready
设备19,4,24,5065,115,621,13,597,9,ready
设备19,5,3,5145,106,643,20,642,13,ready
设备19,5,6,5130,106,640,20,639,13,ready
设备19,5,12,5100,106,634,20,633,13,ready
设备19,5,24,5040,104,622,19,621,13,ready
设备19,6,3,5145,93,642,26,643,20,ready
设备19,6,6,5130,93,639,26,640,20,ready
设备19,6,12,5100,93,633,26,634,20,ready
设备19,6,24,5040,92,621,25,622,19,ready
设备19,7,3,5146,98,642,15,642,26,ready
设备19,7,6,5131,98,639,15,639,26,ready
设备19,7,12,5101,98,633,15,633,26,ready
设备19,7,24,5041,97,621,15,621,25,ready
设备19,8,3,5153,118,638,6,642,15,ready
设备19,8,6,5144,118,632,6,639,15,ready
设备19,8,12,5126,118,620,6,633,15,ready
设备19,8,24,5090,117,596,6,621,15,ready
设备19,9,3,5153,125,642,8,638,6,ready
设备19,9,6,5144,125,639,8,632,6,ready
设备19,9,12,5126,125,633,8,620,6,ready
设备19,9,24,5090,124,621,8,596,6,ready
设备1,0,3,3684,115,456,11,461,21,ready
设备1,0,6,3668,114,450,10,458,21,ready
设备1,0,12,3638,113,438,10,452,21,ready
设备1,0,24,3578,113,421,9,440,21,ready
设备1,1,3,3682,124,460,12,456,11,ready
设备1,1,6,3663,123,457,12,450,10,ready
设备1,1,12,3627,121,451,12,438,10,ready
设备1,1,24,3555,121,439,12,421,9,ready
设备1,2,3,3678,116,460,18,460,12,ready
设备1,2,6,3656,114,457,18,457,12,ready
设备1,2,12,3614,112,451,17,451,12,ready
设备1,2,24,3530,112,439,17,439,12,ready
设备1,3,3,3681,111,457,17,460,18,ready
设备1,3,6,3662,109,451,17,457,18,ready
设备1,3,12,3626,109,439,15,451,17,ready
设备1,3,24,3554,109,415,15,439,17,ready
设备1,4,3,3688,113,453,16,457,17,ready
设备1,4,6,3673,112,446,15,451,17,ready
设备1,4,12,3643,111,434,15,439,15,ready
设备1,4,24,3583,111,410,15,415,15,ready
设备1,5,3,3685,109,460,22,453,16,ready
设备1,5,6,3667,108,457,22,446,15,ready
设备1,5,12,3631,107,451,21,434,15,ready
设备1,5,24,3559,106,439,21,410,15,ready
设备1,6,3,3678,108,460,17,460,22,ready
设备1,6,6,3656,106,457,17,457,22,ready
设备1,6,12,3614,105,451,17,451,21,ready
设备1,6,24,3530,105,439,16,439,21,ready
设备1,7,3,3685,119,453,11,460,17,ready
设备1,7,6,3669,117,444,11,457,17,ready
设备1,7,12,3639,116,426,11,451,17,ready
设备1,7,24,3579,116,390,11,439,16,ready
设备1,8,3,3688,135,460,1,453,11,ready
设备1,8,6,3675,133,457,1,444,11,ready
设备1,8,12,3651,132,451,1,426,11,ready
设备1,8,24,3603,132,439,1,390,11,ready
设备1,9,3,3680,125,461,21,460,1,ready
设备1,9,6,3661,123,458,21,457,1,ready
设备1,9,12,3625,122,452,21,451,1,ready
设备1,9,24,3560,121,440,21,439,1,ready
设备20,0,3,2715,25,339,5,336,6,ready
设备20,0,6,2696,24,336,5,330,6,ready
设备20,0,12,2661,23,330,5,318,6,ready
设备20,0,24,2601,22,318,5,294,4,ready
设备20,1,3,2709,30,339,1,339,5,ready
设备20,1,6,2684,29,336,1,336,5,ready
设备20,1,12,2637,28,330,1,330,5,ready
设备20,1,24,2553,25,318,1,318,5,ready
设备20,2,3,2721,29,327,6,339,1,ready
设备20,2,6,2706,29,314,5,336,1,ready
设备20,2,12,2676,28,297,4,330,1,ready
设备20,2,24,2616,26,273,4,318,1,ready
设备20,3,3,2724,26,336,4,327,6,ready
设备20,3,6,2712,26,330,4,314,5,ready
设备20,3,12,2688,26,318,3,297,4,ready
设备20,3,24,2640,24,294,3,273,4,ready
设备20,4,3,2712,31,339,1,336,4,ready
设备20,4,6,2690,30,336,1,330,4,ready
设备20,4,12,2655,29,330,1,318,3,ready
设备20,4,24,2595,27,318,1,294,3,ready
设备20,5,3,2709,33,339,2,339,1,ready
设备20,5,6,2684,32,336,2,336,1,ready
设备20,5,12,2637,31,330,2,330,1,ready
设备20,5,24,2553,28,318,2,318,1,ready
设备20,6,3,2709,31,339,3,339,2,ready
设备20,6,6,2684,30,336,3,336,2,ready
设备20,6,12,2637,29,330,3,330,2,ready
设备20,6,24,2553,26,318,3,318,2,ready
设备20,7,3,2709,28,339,5,339,3,ready
设备20,7,6,2684,27,336,5,336,3,ready
设备20,7,12,2637,26,330,5,330,3,ready
设备20,7,24,2553,23,318,5,318,3,ready
设备20,8,3,2715,28,336,3,339,5,ready
设备20,8,6,2696,27,330,3,336,5,ready
设备20,8,12,2661,26,318,3,330,5,ready
设备20,8,24,2601,23,294,3,318,5,ready
设备20,9,3,2718,27,336,6,336,3,ready
设备20,9,6,2702,26,330,6,330,3,ready
设备20,9,12,2673,25,318,6,318,3,ready
设备20,9,24,2625,24,294,4,294,3,ready
设备21,0,3,2584,22,320,3,323,2,ready
设备21,0,6,2563,22,314,3,320,2,ready
设备21,0,12,2521,20,302,3,314,2,ready
设备21,0,24,2446,19,278,2,302,2,ready
设备21,1,3,2584,22,320,2,320,3,ready
设备21,1,6,2563,22,314,2,314,3,ready
设备21,1,12,2521,21,302,1,302,3,ready
设备21,1,24,2437,20,287,0,278,2,ready
设备21,2,3,2584,22,320,3,320,2,ready
设备21,2,6,2563,22,314,3,314,2,ready
设备21,2,12,2521,22,302,2,302,1,ready
设备21,2,24,2437,22,278,1,287,0,ready
设备21,3,3,2586,17,318,7,320,3,ready
设备21,3,6,2565,17,312,7,314,3,ready
设备21,3,12,2523,17,300,7,302,2,ready
设备21,3,24,2439,16,276,7,278,1,ready
设备21,4,3,2586,16,320,4,318,7,ready
设备21,4,6,2565,16,314,4,312,7,ready
设备21,4,12,2523,15,302,4,300,7,ready
设备21,4,24,2439,15,278,3,276,7,ready
设备21,5,3,2581,21,323,2,320,4,ready
设备21,5,6,2557,21,320,2,314,4,ready
设备21,5,12,2509,20,314,2,302,4,ready
设备21,5,24,2413,20,302,2,278,3,ready
设备21,6,3,2581,24,320,1,323,2,ready
设备21,6,6,2557,24,314,1,320,2,ready
设备21,6,12,2509,23,302,1,314,2,ready
设备21,6,24,2413,23,278,1,302,2,ready
设备21,7,3,2584,24,320,2,320,1,ready
设备21,7,6,2563,24,314,2,314,1,ready
设备21,7,12,2521,23,302,2,302,1,ready
设备21,7,24,2437,23,278,2,278,1,ready
设备21,8,3,2585,24,322,1,320,2,ready
设备21,8,6,2564,24,319,1,314,2,ready
设备21,8,12,2522,23,313,1,302,2,ready
设备21,8,24,2438,23,301,1,278,2,ready
设备21,9,3,2582,24,323,2,322,1,ready
设备21,9,6,2558,24,320,2,319,1,ready
设备21,9,12,2510,23,314,2,313,1,ready
设备21,9,24,2414,22,302,2,301,1,ready
设备22,0,3,1733,14,217,3,218,1,ready
设备22,0,6,1710,13,214,3,215,1,ready
设备22,0,12,1668,12,208,3,209,1,ready
设备22,0,24,1591,11,196,3,197,1,ready
设备22,1,3,1734,13,214,1,217,3,ready
设备22,1,6,1711,11,208,1,214,3,ready
设备22,1,12,1675,10,196,1,208,3,ready
设备22,1,24,1603,10,179,0,196,3,ready
设备22,2,3,1746,11,205,5,214,1,ready
设备22,2,6,1731,11,194,3,208,1,ready
设备22,2,12,1701,11,182,2,196,1,ready
设备22,2,24,1641,11,170,2,179,0,ready
设备22,3,3,1743,11,217,1,205,5,ready
设备22,3,6,1725,11,214,1,194,3,ready
设备22,3,12,1689,11,208,1,182,2,ready
设备22,3,24,1617,11,196,1,170,2,ready
设备22,4,3,1734,16,214,1,217,1,ready
设备22,4,6,1711,15,208,1,214,1,ready
设备22,4,12,1669,14,196,1,208,1,ready
设备22,4,24,1597,14,172,1,196,1,ready
设备22,5,3,1737,16,214,1,214,1,ready
设备22,5,6,1717,15,208,1,208,1,ready
设备22,5,12,1681,14,196,1,196,1,ready
设备22,5,24,1609,14,172,1,172,1,ready
设备22,6,3,1737,14,214,3,214,1,ready
设备22,6,6,1717,13,208,3,208,1,ready
设备22,6,12,1681,12,196,3,196,1,ready
设备22,6,24,1609,12,172,3,172,1,ready
设备22,7,3,1734,14,217,1,214,3,ready
设备22,7,6,1711,13,214,1,208,3,ready
设备22,7,12,1669,12,208,1,196,3,ready
设备22,7,24,1585,12,196,1,172,3,ready
设备22,8,3,1734,17,217,0,217,1,ready
设备22,8,6,1711,16,214,0,214,1,ready
设备22,8,12,1669,15,208,0,208,1,ready
设备22,8,24,1585,15,196,0,196,1,ready
设备22,9,3,1733,17,218,1,217,0,ready
设备22,9,6,1710,16,215,1,214,0,ready
设备22,9,12,1668,15,209,1,208,0,ready
设备22,9,24,1584,15,197,1,196,0,ready
设备23,0,3,4974,130,621,10,618,7,ready
设备23,0,6,4959,130,618,10,612,7,ready
设备23,0,12,4929,130,612,10,600,7,ready
设备23,0,24,4869,129,600,10,576,7,ready
设备23,1,3,4968,105,621,32,621,10,ready
设备23,1,6,4947,105,618,32,618,10,ready
设备23,1,12,4905,105,612,32,612,10,ready
设备23,1,24,4821,104,600,32,600,10,ready
设备23,2,3,4969,106,620,9,621,32,ready
设备23,2,6,4948,106,617,9,618,32,ready
设备23,2,12,4906,106,611,9,612,32,ready
设备23,2,24,4822,105,599,9,600,32,ready
设备23,3,3,4972,131,618,7,620,9,ready
设备23,3,6,4954,131,612,7,617,9,ready
设备23,3,12,4918,131,600,7,611,9,ready
设备23,3,24,4846,131,576,6,599,9,ready
设备23,4,3,4971,138,621,2,618,7,ready
设备23,4,6,4953,138,618,2,612,7,ready
设备23,4,12,4917,138,612,2,600,7,ready
设备23,4,24,4845,138,600,2,576,6,ready
设备23,5,3,4972,137,617,8,621,2,ready
设备23,5,6,4954,137,611,8,618,2,ready
设备23,5,12,4918,137,599,8,612,2,ready
设备23,5,24,4846,135,575,8,600,2,ready
设备23,6,3,4972,114,621,25,617,8,ready
设备23,6,6,4954,114,618,25,611,8,ready
设备23,6,12,4918,114,612,25,599,8,ready
设备23,6,24,4846,112,600,24,575,8,ready
设备23,7,3,4968,80,621,41,621,25,ready
设备23,7,6,4947,78,618,41,618,25,ready
设备23,7,12,4905,78,612,41,612,25,ready
设备23,7,24,4826,76,600,40,600,24,ready
设备23,8,3,4978,100,614,5,621,41,ready
设备23,8,6,4966,100,605,3,618,41,ready
设备23,8,12,4942,100,587,3,612,41,ready
设备23,8,24,4894,99,556,2,600,40,ready
设备23,9,3,4981,134,618,7,614,5,ready
设备23,9,6,4972,134,612,7,605,3,ready
设备23,9,12,4954,134,600,7,587,3,ready
设备23,9,24,4918,133,576,7,556,2,ready
设备24,0,3,7010,216,874,36,875,27,ready
设备24,0,6,7001,216,871,36,872,26,ready
设备24,0,12,6983,215,865,36,866,26,ready
设备24,0,24,6947,214,853,34,854,26,ready
设备24,1,3,7007,207,875,36,874,36,ready
设备24,1,6,6995,206,872,36,871,36,ready
设备24,1,12,6971,204,866,36,865,36,ready
设备24,1,24,6923,203,854,36,853,34,ready
设备24,2,3,7007,213,874,30,875,36,ready
设备24,2,6,6995,212,871,30,872,36,ready
设备24,2,12,6971,210,865,29,866,36,ready
设备24,2,24,6923,208,853,29,854,36,ready
设备24,3,3,7011,228,871,21,874,30,ready
设备24,3,6,7002,227,865,21,871,30,ready
设备24,3,12,6984,226,853,20,865,29,ready
设备24,3,24,6948,226,829,18,853,29,ready
设备24,4,3,7010,233,875,25,871,21,ready
设备24,4,6,7001,232,872,25,865,21,ready
设备24,4,12,6983,231,866,25,853,20,ready
设备24,4,24,6947,231,854,25,829,18,ready
设备24,5,3,7007,223,874,31,875,25,ready
设备24,5,6,6995,222,871,31,872,25,ready
设备24,5,12,6971,220,865,31,866,25,ready
设备24,5,24,6923,219,853,31,854,25,ready
设备24,6,3,7007,204,875,44,874,31,ready
设备24,6,6,6995,203,872,44,871,31,ready
设备24,6,12,6971,202,866,43,865,31,ready
设备24,6,24,6923,201,854,43,853,31,ready
设备24,7,3,7007,219,874,16,875,44,ready
设备24,7,6,6995,218,871,16,872,44,ready
设备24,7,12,6971,217,865,16,866,43,ready
设备24,7,24,6923,216,853,16,854,43,ready
设备24,8,3,7014,250,871,13,874,16,ready
设备24,8,6,7008,249,865,13,871,16,ready
设备24,8,12,6996,249,853,12,865,16,ready
设备24,8,24,6972,248,829,12,853,16,ready
设备24,9,3,7013,239,875,27,871,13,ready
设备24,9,6,7007,239,872,26,865,13,ready
设备24,9,12,6995,239,866,26,853,12,ready
设备24,9,24,6971,236,854,26,829,12,ready
设备25,0,3,4283,42,535,10,533,5,ready
设备25,0,6,4262,42,532,10,527,5,ready
设备25,0,12,4220,42,526,10,515,5,ready
设备25,0,24,4136,41,514,10,491,5,ready
设备25,1,3,4278,41,535,6,535,10,ready
设备25,1,6,4251,41,532,6,532,10,ready
设备25,1,12,4197,41,526,6,526,10,ready
设备25,1,24,4089,40,514,6,514,10,ready
设备25,2,3,4278,44,535,7,535,6,ready
设备25,2,6,4251,44,532,7,532,6,ready
设备25,2,12,4197,44,526,7,526,6,ready
设备25,2,24,4089,43,514,7,514,6,ready
设备25,3,3,4278,42,535,8,535,7,ready
设备25,3,6,4251,42,532,8,532,7,ready
设备25,3,12,4197,42,526,8,526,7,ready
设备25,3,24,4089,41,514,8,514,7,ready
设备25,4,3,4281,43,532,6,535,8,ready
设备25,4,6,4257,43,526,6,532,8,ready
设备25,4,12,4209,43,514,6,526,8,ready
设备25,4,24,4113,43,490,5,514,8,ready
设备25,5,3,4281,49,535,2,532,6,ready
设备25,5,6,4257,49,532,2,526,6,ready
设备25,5,12,4209,49,526,2,514,6,ready
设备25,5,24,4113,48,514,2,490,5,ready
设备25,6,3,4281,47,532,8,535,2,ready
设备25,6,6,4257,47,526,8,532,2,ready
设备25,6,12,4209,47,514,8,526,2,ready
设备25,6,24,4113,46,490,7,514,2,ready
设备25,7,3,4290,46,526,3,532,8,ready
设备25,7,6,4275,46,514,3,526,8,ready
设备25,7,12,4250,45,490,3,514,8,ready
设备25,7,24,4202,44,442,3,490,7,ready
设备25,8,3,4293,52,532,2,526,3,ready
设备25,8,6,4281,52,526,2,514,3,ready
设备25,8,12,4257,52,519,1,490,3,ready
设备25,8,24,4209,51,507,1,442,3,ready
设备25,9,3,4286,50,533,5,532,2,ready
设备25,9,6,4268,50,527,5,526,2,ready
设备25,9,12,4232,50,515,5,519,1,ready
设备25,9,24,4160,49,491,5,507,1,ready
设备26,0,3,3191,214,394,4,390,7,ready
设备26,0,6,3182,214,388,4,381,7,ready
设备26,0,12,3164,214,376,4,369,7,ready
设备26,0,24,3128,212,352,4,345,7,ready
设备26,1,3,3184,218,394,3,394,4,ready
设备26,1,6,3169,218,388,3,388,4,ready
设备26,1,12,3145,217,376,3,376,4,ready
设备26,1,24,3097,213,352,3,352,4,ready
设备26,2,3,3181,190,397,32,394,3,ready
设备26,2,6,3163,190,394,32,388,3,ready
设备26,2,12,3127,190,388,31,376,3,ready
设备26,2,24,3055,188,376,29,352,3,ready
设备26,3,3,3178,130,397,63,397,32,ready
设备26,3,6,3157,129,394,63,394,32,ready
设备26,3,12,3115,127,388,63,388,31,ready
设备26,3,24,3031,124,376,63,376,29,ready
设备26,4,3,3178,122,397,39,397,63,ready
设备26,4,6,3157,122,394,38,394,63,ready
设备26,4,12,3115,121,388,36,388,63,ready
设备26,4,24,3031,116,376,35,376,63,ready
设备26,5,3,3178,141,397,44,397,39,ready
设备26,5,6,3157,140,394,44,394,38,ready
设备26,5,12,3115,138,388,43,388,36,ready
设备26,5,24,3031,136,376,40,376,35,ready
设备26,6,3,3178,162,397,18,397,44,ready
设备26,6,6,3157,162,394,17,394,44,ready
设备26,6,12,3115,162,388,15,388,43,ready
设备26,6,24,3031,160,376,15,376,40,ready
设备26,7,3,3181,200,394,7,397,18,ready
设备26,7,6,3163,200,388,7,394,17,ready
设备26,7,12,3127,200,376,7,388,15,ready
设备26,7,24,3055,200,352,5,376,15,ready
设备26,8,3,3184,211,397,7,394,7,ready
设备26,8,6,3169,211,394,7,388,7,ready
设备26,8,12,3139,211,388,7,376,7,ready
设备26,8,24,3079,211,376,7,352,5,ready
设备26,9,3,3188,211,390,7,397,7,ready
设备26,9,6,3176,211,381,7,394,7,ready
设备26,9,12,3152,211,369,7,388,7,ready
设备26,9,24,3104,209,345,7,376,7,ready
设备27,0,3,6737,3177,840,14,838,38,ready
设备27,0,6,6728,3177,837,14,832,38,ready
设备27,0,12,6710,3176,831,14,820,38,ready
设备27,0,24,6674,3174,819,13,796,38,ready
设备27,1,3,6732,3194,840,21,840,14,ready
设备27,1,6,6717,3194,837,21,837,14,ready
设备27,1,12,6687,3192,831,21,831,14,ready
设备27,1,24,6627,3189,819,20,819,13,ready
设备27,2,3,6731,3186,841,22,840,21,ready
设备27,2,6,6716,3186,838,22,837,21,ready
设备27,2,12,6686,3184,832,21,831,21,ready
设备27,2,24,6626,3183,820,19,819,20,ready
设备27,3,3,6734,3028,837,176,841,22,ready
设备27,3,6,6722,3025,831,176,838,22,ready
设备27,3,12,6698,3019,819,174,832,21,ready
设备27,3,24,6650,3009,795,173,820,19,ready
设备27,4,3,6735,2404,840,643,837,176,ready
设备27,4,6,6723,2401,837,640,831,176,ready
设备27,4,12,6699,2395,831,634,819,174,ready
设备27,4,24,6651,2383,819,624,795,173,ready
设备27,5,3,6731,1757,841,820,840,643,ready
设备27,5,6,6716,1754,838,817,837,640,ready
设备27,5,12,6686,1747,832,811,831,634,ready
设备27,5,24,6626,1734,820,799,819,624,ready
设备27,6,3,6731,1756,840,647,841,820,ready
设备27,6,6,6716,1755,837,644,838,817,ready
设备27,6,12,6686,1754,831,638,832,811,ready
设备27,6,24,6626,1751,819,626,820,799,ready
设备27,7,3,6732,2338,840,241,840,647,ready
设备27,7,6,6717,2338,837,240,837,644,ready
设备27,7,12,6687,2337,831,240,831,638,ready
设备27,7,24,6627,2335,819,238,819,626,ready
设备27,8,3,6738,2390,837,598,840,241,ready
设备27,8,6,6729,2390,831,598,837,240,ready
设备27,8,12,6711,2389,819,598,831,240,ready
设备27,8,24,6675,2388,795,597,819,238,ready
设备27,9,3,6740,2593,838,38,837,598,ready
设备27,9,6,6734,2593,832,38,831,598,ready
设备27,9,12,6722,2592,820,38,819,598,ready
设备27,9,24,6698,2590,796,38,795,597,ready
设备28,0,3,6897,1605,860,16,857,34,ready
设备28,0,6,6891,1602,857,16,851,31,ready
设备28,0,12,6879,1596,851,16,839,25,ready
设备28,0,24,6855,1584,839,16,815,13,ready
设备28,1,3,6891,1612,860,27,860,16,ready
设备28,1,6,6879,1606,857,27,857,16,ready
设备28,1,12,6855,1594,851,27,851,16,ready
设备28,1,24,6807,1570,839,27,839,16,ready
设备28,2,3,6891,1602,860,26,860,27,ready
设备28,2,6,6879,1596,857,26,857,27,ready
设备28,2,12,6855,1584,851,26,851,27,ready
设备28,2,24,6807,1560,839,26,839,27,ready
设备28,3,3,6894,953,857,673,860,26,ready
设备28,3,6,6885,947,851,670,857,26,ready
设备28,3,12,6867,935,839,664,851,26,ready
设备28,3,24,6831,911,815,652,839,26,ready
设备28,4,3,6894,719,860,260,857,673,ready
设备28,4,6,6885,716,857,257,851,670,ready
设备28,4,12,6867,710,851,251,839,664,ready
设备28,4,24,6831,697,839,239,815,652,ready
设备28,5,3,6891,1369,860,23,860,260,ready
设备28,5,6,6879,1363,857,23,857,257,ready
设备28,5,12,6855,1351,851,23,851,251,ready
设备28,5,24,6807,1327,839,22,839,239,ready
设备28,6,3,6891,1616,860,16,860,23,ready
设备28,6,6,6879,1610,857,16,857,23,ready
设备28,6,12,6855,1598,851,16,851,23,ready
设备28,6,24,6807,1574,839,16,839,22,ready
设备28,7,3,6891,1626,860,13,860,16,ready
设备28,7,6,6879,1620,857,13,857,16,ready
设备28,7,12,6855,1608,851,13,851,16,ready
设备28,7,24,6807,1584,839,13,839,16,ready
设备28,8,3,6895,1078,859,564,860,13,ready
设备28,8,6,6886,1072,856,564,857,13,ready
设备28,8,12,6868,1060,850,564,851,13,ready
设备28,8,24,6832,1036,838,564,839,13,ready
设备28,9,3,6898,1057,857,34,859,564,ready
设备28,9,6,6892,1054,851,31,856,564,ready
设备28,9,12,6880,1048,839,25,850,564,ready
设备28,9,24,6856,1036,815,13,838,564,ready
设备29,0,3,2423,38,297,3,304,2,ready
设备29,0,6,2401,36,288,3,301,2,ready
设备29,0,12,2359,35,270,3,295,2,ready
设备29,0,24,2275,35,234,3,283,2,ready
设备29,1,3,2424,37,300,3,297,3,ready
设备29,1,6,2402,36,294,2,288,3,ready
设备29,1,12,2360,35,282,2,270,3,ready
设备29,1,24,2276,35,258,2,234,3,ready
设备29,2,3,2418,38,303,2,300,3,ready
设备29,2,6,2390,37,300,2,294,2,ready
设备29,2,12,2336,36,294,2,282,2,ready
设备29,2,24,2228,36,282,2,258,2,ready
设备29,3,3,2424,33,297,8,303,2,ready
设备29,3,6,2400,32,290,7,300,2,ready
设备29,3,12,2352,32,278,6,294,2,ready
设备29,3,24,2256,32,254,6,282,2,ready
设备29,4,3,2425,27,302,8,297,8,ready
设备29,4,6,2401,26,299,8,290,7,ready
设备29,4,12,2353,25,293,8,278,6,ready
设备29,4,24,2257,23,281,8,254,6,ready
设备29,5,3,2419,29,303,6,302,8,ready
设备29,5,6,2391,27,300,6,299,8,ready
设备29,5,12,2337,26,294,5,293,8,ready
设备29,5,24,2229,26,282,3,281,8,ready
设备29,6,3,2418,32,300,5,303,6,ready
设备29,6,6,2391,29,294,5,300,6,ready
设备29,6,12,2343,28,282,5,294,5,ready
设备29,6,24,2247,28,258,5,282,3,ready
设备29,7,3,2424,34,297,3,300,5,ready
设备29,7,6,2402,31,289,2,294,5,ready
设备29,7,12,2360,30,277,2,282,5,ready
设备29,7,24,2276,29,253,2,258,5,ready
设备29,8,3,2424,37,303,2,297,3,ready
设备29,8,6,2402,35,300,1,289,2,ready
设备29,8,12,2360,34,294,1,277,2,ready
设备29,8,24,2276,34,282,0,253,2,ready
设备29,9,3,2417,38,304,2,303,2,ready
设备29,9,6,2389,36,301,2,300,1,ready
设备29,9,12,2335,35,295,2,294,1,ready
设备29,9,24,2227,35,283,2,282,0,ready
设备2,0,3,6983,225,871,24,871,16,ready
设备2,0,6,6974,224,868,24,868,16,ready
设备2,0,12,6956,224,862,24,862,16,ready
设备2,0,24,6920,224,850,21,850,15,ready
设备2,1,3,6980,202,871,39,871,24,ready
设备2,1,6,6968,199,868,39,868,24,ready
设备2,1,12,6944,196,862,39,862,24,ready
设备2,1,24,6896,193,850,39,850,21,ready
设备2,2,3,6980,193,871,33,871,39,ready
设备2,2,6,6968,192,868,31,868,39,ready
设备2,2,12,6944,192,862,28,862,39,ready
设备2,2,24,6896,191,850,26,850,39,ready
设备2,3,3,6983,198,868,34,871,33,ready
设备2,3,6,6974,197,862,34,868,31,ready
设备2,3,12,6956,197,850,34,862,28,ready
设备2,3,24,6920,196,826,34,850,26,ready
设备2,4,3,6983,210,871,21,868,34,ready
设备2,4,6,6974,209,868,21,862,34,ready
设备2,4,12,6956,209,862,21,850,34,ready
设备2,4,24,6920,208,850,21,826,34,ready
设备2,5,3,6980,222,871,22,871,21,ready
设备2,5,6,6968,221,868,22,868,21,ready
设备2,5,12,6944,221,862,22,862,21,ready
设备2,5,24,6896,220,850,22,850,21,ready
设备2,6,3,6980,209,871,34,871,22,ready
设备2,6,6,6968,208,868,34,868,22,ready
设备2,6,12,6944,208,862,34,862,22,ready
设备2,6,24,6896,205,850,34,850,22,ready
设备2,7,3,6980,202,871,29,871,34,ready
设备2,7,6,6968,201,868,29,868,34,ready
设备2,7,12,6944,201,862,29,862,34,ready
设备2,7,24,6896,200,850,27,850,34,ready
设备2,8,3,6986,223,868,13,871,29,ready
设备2,8,6,6980,223,862,12,868,29,ready
设备2,8,12,6968,223,850,12,862,29,ready
设备2,8,24,6944,222,826,12,850,27,ready
设备2,9,3,6986,236,871,16,868,13,ready
设备2,9,6,6980,236,868,16,862,12,ready
设备2,9,12,6968,236,862,16,850,12,ready
设备2,9,24,6944,233,850,15,826,12,ready
设备30,0,3,4563,321,567,6,567,14,ready
设备30,0,6,4545,321,561,6,561,14,ready
设备30,0,12,4509,321,549,6,549,14,ready
设备30,0,24,4437,319,525,6,525,14,ready
设备30,1,3,4560,328,567,7,567,6,ready
设备30,1,6,4539,328,561,7,561,6,ready
设备30,1,12,4497,328,549,7,549,6,ready
设备30,1,24,4413,326,525,7,525,6,ready
设备30,2,3,4561,323,566,11,567,7,ready
设备30,2,6,4540,323,560,11,561,7,ready
设备30,2,12,4498,323,548,11,549,7,ready
设备30,2,24,4414,320,524,11,525,7,ready
设备30,3,3,4558,290,570,40,566,11,ready
设备30,3,6,4534,290,567,40,560,11,ready
设备30,3,12,4486,290,561,40,548,11,ready
设备30,3,24,4390,287,549,39,524,11,ready
设备30,4,3,4557,287,567,14,570,40,ready
设备30,4,6,4533,287,561,14,567,40,ready
设备30,4,12,4485,287,549,14,561,40,ready
设备30,4,24,4389,287,525,11,549,39,ready
设备30,5,3,4558,104,569,223,567,14,ready
设备30,5,6,4534,104,566,223,561,14,ready
设备30,5,12,4486,103,560,223,549,14,ready
设备30,5,24,4390,103,548,223,525,11,ready
设备30,6,3,4558,103,567,15,569,223,ready
设备30,6,6,4534,103,561,15,566,223,ready
设备30,6,12,4486,103,549,14,560,223,ready
设备30,6,24,4390,101,525,14,548,223,ready
设备30,7,3,4560,320,567,6,567,15,ready
设备30,7,6,4539,320,561,6,561,15,ready
设备30,7,12,4497,320,549,6,549,14,ready
设备30,7,24,4413,318,525,6,525,14,ready
设备30,8,3,4561,330,569,5,567,6,ready
设备30,8,6,4540,330,566,5,561,6,ready
设备30,8,12,4498,330,560,5,549,6,ready
设备30,8,24,4414,328,548,5,525,6,ready
设备30,9,3,4561,322,567,14,569,5,ready
设备30,9,6,4540,322,561,14,566,5,ready
设备30,9,12,4498,322,549,14,560,5,ready
设备30,9,24,4414,320,525,14,548,5,ready
设备31,0,3,2297,16,280,5,286,1,ready
设备31,0,6,2282,16,274,5,283,1,ready
设备31,0,12,2252,16,262,3,277,1,ready
设备31,0,24,2192,16,238,3,265,1,ready
设备31,1,3,2300,12,280,5,280,5,ready
设备31,1,6,2288,12,271,5,274,5,ready
设备31,1,12,2264,12,253,5,262,3,ready
设备31,1,24,2216,12,217,5,238,3,ready
设备31,2,3,2294,16,286,1,280,5,ready
设备31,2,6,2279,16,283,1,271,5,ready
设备31,2,12,2249,15,277,1,253,5,ready
设备31,2,24,2189,15,265,1,217,5,ready
设备31,3,3,2288,18,286,3,286,1,ready
设备31,3,6,2267,18,283,3,283,1,ready
设备31,3,12,2225,17,277,3,277,1,ready
设备31,3,24,2141,17,265,3,265,1,ready
设备31,4,3,2291,18,283,1,286,3,ready
设备31,4,6,2273,18,277,1,283,3,ready
设备31,4,12,2237,16,265,1,277,3,ready
设备31,4,24,2165,16,241,1,265,3,ready
设备31,5,3,2291,20,286,1,283,1,ready
设备31,5,6,2273,20,283,1,277,1,ready
设备31,5,12,2237,19,277,0,265,1,ready
设备31,5,24,2165,19,265,0,241,1,ready
设备31,6,3,2291,19,283,2,286,1,ready
设备31,6,6,2273,19,277,2,283,1,ready
设备31,6,12,2237,18,265,2,277,0,ready
设备31,6,24,2165,18,241,2,265,0,ready
设备31,7,3,2291,18,286,2,283,2,ready
设备31,7,6,2273,18,283,2,277,2,ready
设备31,7,12,2237,17,277,2,265,2,ready
设备31,7,24,2165,17,265,2,241,2,ready
设备31,8,3,2291,19,286,1,286,2,ready
设备31,8,6,2273,19,283,1,283,2,ready
设备31,8,12,2237,18,277,1,277,2,ready
设备31,8,24,2165,18,265,1,265,2,ready
设备31,9,3,2291,20,286,1,286,1,ready
设备31,9,6,2273,20,283,1,283,1,ready
设备31,9,12,2237,18,277,1,277,1,ready
设备31,9,24,2165,18,265,1,265,1,ready
设备32,0,3,3740,99,467,4,464,5,ready
设备32,0,6,3722,99,464,4,458,5,ready
设备32,0,12,3686,97,458,4,446,5,ready
设备32,0,24,3614,97,446,4,422,5,ready
设备32,1,3,3734,97,467,7,467,4,ready
设备32,1,6,3710,97,464,7,464,4,ready
设备32,1,12,3662,94,458,7,458,4,ready
设备32,1,24,3566,94,446,7,446,4,ready
设备32,2,3,3734,83,467,18,467,7,ready
设备32,2,6,3710,82,464,18,464,7,ready
设备32,2,12,3662,80,458,17,458,7,ready
设备32,2,24,3566,80,446,17,446,7,ready
设备32,3,3,3740,62,461,28,467,18,ready
设备32,3,6,3722,60,452,27,464,18,ready
设备32,3,12,3686,60,434,25,458,17,ready
设备32,3,24,3614,60,398,25,446,17,ready
设备32,4,3,3744,72,463,8,461,28,ready
设备32,4,6,3729,72,457,6,452,27,ready
设备32,4,12,3699,72,445,6,434,25,ready
设备32,4,24,3639,72,421,6,398,25,ready
设备32,5,3,3738,84,467,15,463,8,ready
设备32,5,6,3717,84,464,15,457,6,ready
设备32,5,12,3675,82,458,15,445,6,ready
设备32,5,24,3591,82,446,15,421,6,ready
设备32,6,3,3734,82,467,10,467,15,ready
设备32,6,6,3710,81,464,10,464,15,ready
设备32,6,12,3662,79,458,10,458,15,ready
设备32,6,24,3566,79,446,10,446,15,ready
设备32,7,3,3740,87,461,10,467,10,ready
设备32,7,6,3722,87,452,9,464,10,ready
设备32,7,12,3686,85,434,9,458,10,ready
设备32,7,24,3614,85,398,9,446,10,ready
设备32,8,3,3744,96,466,2,461,10,ready
设备32,8,6,3729,96,463,2,452,9,ready
设备32,8,12,3699,94,457,2,434,9,ready
设备32,8,24,3639,94,445,2,398,9,ready
设备32,9,3,3741,101,464,5,466,2,ready
设备32,9,6,3723,101,458,5,463,2,ready
设备32,9,12,3687,99,446,5,457,2,ready
设备32,9,24,3615,99,422,5,445,2,ready
设备33,0,3,2609,28,314,7,325,2,ready
设备33,0,6,2600,28,302,7,322,2,ready
设备33,0,12,2582,28,278,6,316,2,ready
设备33,0,24,2546,28,230,4,304,2,ready
设备33,1,3,2610,27,321,3,314,7,ready
设备33,1,6,2601,27,315,3,302,7,ready
设备33,1,12,2583,27,303,3,278,6,ready
设备33,1,24,2547,27,279,3,230,4,ready
设备33,2,3,2600,30,324,4,321,3,ready
设备33,2,6,2582,30,321,4,315,3,ready
设备33,2,12,2546,29,315,4,303,3,ready
设备33,2,24,2474,28,303,4,279,3,ready
设备33,3,3,2596,27,325,6,324,4,ready
设备33,3,6,2575,27,322,6,321,4,ready
设备33,3,12,2533,26,316,6,315,4,ready
设备33,3,24,2449,24,304,6,303,4,ready
设备33,4,3,2600,25,320,6,325,6,ready
设备33,4,6,2582,25,314,6,322,6,ready
设备33,4,12,2546,24,302,6,316,6,ready
设备33,4,24,2474,22,278,5,304,6,ready
设备33,5,3,2600,28,325,3,320,6,ready
设备33,5,6,2582,28,322,3,314,6,ready
设备33,5,12,2546,27,316,3,302,6,ready
设备33,5,24,2474,26,304,2,278,5,ready
设备33,6,3,2596,31,324,3,325,3,ready
设备33,6,6,2575,31,321,3,322,3,ready
设备33,6,12,2533,30,315,3,316,3,ready
设备33,6,24,2449,29,303,3,304,2,ready
设备33,7,3,2596,32,325,2,324,3,ready
设备33,7,6,2575,32,322,2,321,3,ready
设备33,7,12,2533,31,316,2,315,3,ready
设备33,7,24,2449,30,304,2,303,3,ready
设备33,8,3,2599,34,324,1,325,2,ready
设备33,8,6,2581,34,321,1,322,2,ready
设备33,8,12,2545,33,315,1,316,2,ready
设备33,8,24,2473,32,303,1,304,2,ready
设备33,9,3,2599,34,325,2,324,1,ready
设备33,9,6,2581,34,322,2,321,1,ready
设备33,9,12,2545,33,316,2,315,1,ready
设备33,9,24,2473,31,304,2,303,1,ready
设备34,0,3,5122,58,636,5,640,5,ready
设备34,0,6,5107,58,630,5,637,5,ready
设备34,0,12,5077,58,618,5,631,5,ready
设备34,0,24,5017,58,594,4,619,5,ready
设备34,1,3,5120,57,639,5,636,5,ready
设备34,1,6,5102,57,636,5,630,5,ready
设备34,1,12,5066,57,630,5,618,5,ready
设备34,1,24,4994,55,618,5,594,4,ready
设备34,2,3,5123,51,633,11,639,5,ready
设备34,2,6,5108,51,624,11,636,5,ready
设备34,2,12,5078,51,606,11,630,5,ready
设备34,2,24,5018,50,570,9,618,5,ready
设备34,3,3,5123,52,639,4,633,11,ready
设备34,3,6,5108,52,636,4,624,11,ready
设备34,3,12,5078,52,630,4,606,11,ready
设备34,3,24,5018,51,618,4,570,9,ready
设备34,4,3,5120,57,636,7,639,4,ready
设备34,4,6,5102,57,630,7,636,4,ready
设备34,4,12,5066,57,618,7,630,4,ready
设备34,4,24,4994,55,594,7,618,4,ready
设备34,5,3,5119,46,640,15,636,7,ready
设备34,5,6,5102,45,637,15,630,7,ready
设备34,5,12,5072,45,631,15,618,7,ready
设备34,5,24,5012,44,619,14,594,7,ready
设备34,6,3,5119,46,636,7,640,15,ready
设备34,6,6,5101,46,631,6,637,15,ready
设备34,6,12,5065,46,625,6,631,15,ready
设备34,6,24,4993,45,613,6,619,14,ready
设备34,7,3,5120,58,639,3,636,7,ready
设备34,7,6,5102,58,636,3,631,6,ready
设备34,7,12,5066,58,630,3,625,6,ready
设备34,7,24,4994,57,618,3,613,6,ready
设备34,8,3,5120,60,639,5,639,3,ready
设备34,8,6,5102,60,636,5,636,3,ready
设备34,8,12,5066,60,630,5,630,3,ready
设备34,8,24,4994,59,618,5,618,3,ready
设备34,9,3,5119,58,640,5,639,5,ready
设备34,9,6,5101,58,637,5,636,5,ready
设备34,9,12,5065,58,631,5,630,5,ready
设备34,9,24,4993,57,619,5,618,5,ready
设备35,0,3,2428,37,301,3,304,2,ready
设备35,0,6,2407,37,295,3,301,2,ready
设备35,0,12,2365,36,283,3,295,2,ready
设备35,0,24,2281,36,259,3,283,2,ready
设备35,1,3,2433,32,296,7,301,3,ready
设备35,1,6,2415,32,287,7,295,3,ready
设备35,1,12,2379,32,269,6,283,3,ready
设备35,1,24,2307,32,233,6,259,3,ready
设备35,2,3,2431,28,303,7,296,7,ready
设备35,2,6,2410,28,300,7,287,7,ready
设备35,2,12,2368,28,294,7,269,6,ready
设备35,2,24,2284,26,282,7,233,6,ready
设备35,3,3,2423,20,304,15,303,7,ready
设备35,3,6,2396,20,301,15,300,7,ready
设备35,3,12,2342,19,295,15,294,7,ready
设备35,3,24,2234,19,283,13,282,7,ready
设备35,4,3,2425,25,301,1,304,15,ready
设备35,4,6,2401,25,295,1,301,15,ready
设备35,4,12,2353,24,283,1,295,15,ready
设备35,4,24,2257,24,259,1,283,13,ready
设备35,5,3,2429,38,300,2,301,1,ready
设备35,5,6,2408,38,294,2,295,1,ready
设备35,5,12,2366,37,282,2,283,1,ready
设备35,5,24,2282,37,258,2,259,1,ready
设备35,6,3,2431,38,299,1,300,2,ready
设备35,6,6,2410,38,293,1,294,2,ready
设备35,6,12,2368,36,281,1,282,2,ready
设备35,6,24,2284,36,257,1,258,2,ready
设备35,7,3,2430,39,301,2,299,1,ready
设备35,7,6,2409,38,295,2,293,1,ready
设备35,7,12,2367,37,283,1,281,1,ready
设备35,7,24,2283,37,259,1,257,1,ready
设备35,8,3,2429,39,303,1,301,2,ready
设备35,8,6,2408,39,300,0,295,2,ready
设备35,8,12,2366,38,294,0,283,1,ready
设备35,8,24,2282,38,282,0,259,1,ready
设备35,9,3,2426,39,304,2,303,1,ready
设备35,9,6,2402,39,301,2,300,0,ready
设备35,9,12,2354,38,295,2,294,0,ready
设备35,9,24,2258,38,283,2,282,0,ready
设备36,0,3,4586,2371,572,10,570,12,ready
设备36,0,6,4573,2370,569,10,564,12,ready
设备36,0,12,4549,2369,563,10,552,12,ready
设备36,0,24,4501,2369,551,10,528,12,ready
设备36,1,3,4592,2363,561,20,572,10,ready
设备36,1,6,4580,2363,551,19,569,10,ready
设备36,1,12,4556,2363,533,18,563,10,ready
设备36,1,24,4508,2362,497,18,551,10,ready
设备36,2,3,4592,2109,572,261,561,20,ready
设备36,2,6,4580,2106,569,261,551,19,ready
设备36,2,12,4556,2100,563,261,533,18,ready
设备36,2,24,4508,2088,551,260,497,18,ready
设备36,3,3,4580,1553,573,573,572,261,ready
设备36,3,6,4561,1549,570,570,569,261,ready
设备36,3,12,4525,1542,564,564,563,261,ready
设备36,3,24,4453,1530,552,552,551,260,ready
设备36,4,3,4580,1243,572,568,573,573,ready
设备36,4,6,4561,1239,569,565,570,570,ready
设备36,4,12,4525,1232,563,559,564,564,ready
设备36,4,24,4453,1220,551,547,552,552,ready
设备36,5,3,4580,1251,573,565,572,568,ready
设备36,5,6,4561,1247,570,562,569,565,ready
设备36,5,12,4525,1240,564,556,563,559,ready
设备36,5,24,4453,1228,552,544,551,547,ready
设备36,6,3,4580,1545,572,277,573,565,ready
设备36,6,6,4561,1544,569,274,570,562,ready
设备36,6,12,4525,1543,563,268,564,556,ready
设备36,6,24,4453,1542,551,256,552,544,ready
设备36,7,3,4580,2098,573,15,572,277,ready
设备36,7,6,4561,2097,570,15,569,274,ready
设备36,7,12,4525,2096,564,15,563,268,ready
设备36,7,24,4453,2096,552,14,551,256,ready
设备36,8,3,4586,2298,569,80,573,15,ready
设备36,8,6,4573,2297,563,80,570,15,ready
设备36,8,12,4549,2296,551,80,564,15,ready
设备36,8,24,4501,2296,527,80,552,14,ready
设备36,9,3,4589,2301,570,12,569,80,ready
设备36,9,6,4579,2300,564,12,563,80,ready
设备36,9,12,4561,2299,552,12,551,80,ready
设备36,9,24,4525,2299,528,12,527,80,ready
设备37,0,3,4824,652,598,11,599,8,ready
设备37,0,6,4812,652,592,11,593,8,ready
设备37,0,12,4788,651,580,10,581,8,ready
设备37,0,24,4740,650,556,10,557,8,ready
设备37,1,3,4821,645,599,15,598,11,ready
设备37,1,6,4806,645,593,15,592,11,ready
设备37,1,12,4776,645,581,14,580,10,ready
设备37,1,24,4716,644,557,14,556,10,ready
设备37,2,3,4821,623,598,33,599,15,ready
设备37,2,6,4806,623,592,33,593,15,ready
设备37,2,12,4776,622,580,33,581,14,ready
设备37,2,24,4716,619,556,33,557,14,ready
设备37,3,3,4821,626,599,12,598,33,ready
设备37,3,6,4806,626,593,12,592,33,ready
设备37,3,12,4776,624,581,12,580,33,ready
设备37,3,24,4716,624,557,9,556,33,ready
设备37,4,3,4818,653,601,6,599,12,ready
设备37,4,6,4800,653,598,6,593,12,ready
设备37,4,12,4764,651,592,6,581,12,ready
设备37,4,24,4692,651,580,6,557,9,ready
设备37,5,3,4815,657,602,8,601,6,ready
设备37,5,6,4794,657,599,8,598,6,ready
设备37,5,12,4752,655,593,8,592,6,ready
设备37,5,24,4668,653,581,8,580,6,ready
设备37,6,3,4815,636,601,27,602,8,ready
设备37,6,6,4794,636,598,27,599,8,ready
设备37,6,12,4752,634,592,27,593,8,ready
设备37,6,24,4668,633,580,26,581,8,ready
设备37,7,3,4815,293,602,351,601,27,ready
设备37,7,6,4794,293,599,351,598,27,ready
设备37,7,12,4752,291,593,351,592,27,ready
设备37,7,24,4668,290,581,351,580,26,ready
设备37,8,3,4818,120,601,200,602,351,ready
设备37,8,6,4800,120,598,200,599,351,ready
设备37,8,12,4764,118,592,200,593,351,ready
设备37,8,24,4692,117,580,200,581,351,ready
设备37,9,3,4821,463,599,8,601,200,ready
设备37,9,6,4806,463,593,8,598,200,ready
设备37,9,12,4776,461,581,8,592,200,ready
设备37,9,24,4716,460,557,8,580,200,ready
设备38,0,3,1832,27,228,0,225,7,ready
设备38,0,6,1820,27,225,0,219,7,ready
设备38,0,12,1796,27,219,0,207,7,ready
设备38,0,24,1748,27,207,0,195,7,ready
设备38,1,3,1830,31,224,3,228,0,ready
设备38,1,6,1815,31,218,3,225,0,ready
设备38,1,12,1785,31,206,3,219,0,ready
设备38,1,24,1737,31,182,3,207,0,ready
设备38,2,3,1830,24,228,7,224,3,ready
设备38,2,6,1815,24,225,7,218,3,ready
设备38,2,12,1785,24,219,7,206,3,ready
设备38,2,24,1725,24,207,7,182,3,ready
设备38,3,3,1827,23,227,4,228,7,ready
设备38,3,6,1809,23,224,4,225,7,ready
设备38,3,12,1773,23,218,4,219,7,ready
设备38,3,24,1701,22,206,4,207,7,ready
设备38,4,3,1830,27,225,3,227,4,ready
设备38,4,6,1815,27,219,3,224,4,ready
设备38,4,12,1785,27,207,3,218,4,ready
设备38,4,24,1725,26,183,2,206,4,ready
设备38,5,3,1829,26,228,5,225,3,ready
设备38,5,6,1814,26,225,5,219,3,ready
设备38,5,12,1784,26,219,5,207,3,ready
设备38,5,24,1724,26,207,4,183,2,ready
设备38,6,3,1827,27,227,2,228,5,ready
设备38,6,6,1809,27,224,2,225,5,ready
设备38,6,12,1773,27,218,2,219,5,ready
设备38,6,24,1701,27,206,2,207,4,ready
设备38,7,3,1827,31,228,1,227,2,ready
设备38,7,6,1809,31,225,1,224,2,ready
设备38,7,12,1773,31,219,1,218,2,ready
设备38,7,24,1701,31,207,1,206,2,ready
设备38,8,3,1833,31,224,2,228,1,ready
设备38,8,6,1821,31,218,2,225,1,ready
设备38,8,12,1797,31,206,2,219,1,ready
设备38,8,24,1749,31,182,2,207,1,ready
设备38,9,3,1836,25,225,7,224,2,ready
设备38,9,6,1827,25,219,7,218,2,ready
设备38,9,12,1809,25,207,7,206,2,ready
设备38,9,24,1773,25,195,7,182,2,ready
设备39,0,3,2766,1790,344,344,343,130,ready
设备39,0,6,2760,1787,341,341,340,130,ready
设备39,0,12,2748,1781,335,335,334,130,ready
设备39,0,24,2724,1769,323,323,322,130,ready
设备39,1,3,2763,1575,343,342,344,344,ready
设备39,1,6,2754,1572,340,339,341,341,ready
设备39,1,12,2736,1566,334,333,335,335,ready
设备39,1,24,2700,1554,322,321,323,323,ready
设备39,2,3,2763,1576,344,343,343,342,ready
设备39,2,6,2754,1573,341,340,340,339,ready
设备39,2,12,2736,1567,335,334,334,333,ready
设备39,2,24,2700,1555,323,322,322,321,ready
设备39,3,3,2763,1595,343,323,344,343,ready
设备39,3,6,2754,1592,340,320,341,340,ready
设备39,3,12,2736,1586,334,314,335,334,ready
设备39,3,24,2700,1574,322,302,323,322,ready
设备39,4,3,2763,1594,344,344,343,323,ready
设备39,4,6,2754,1591,341,341,340,320,ready
设备39,4,12,2736,1585,335,335,334,314,ready
设备39,4,24,2700,1573,323,323,322,302,ready
设备39,5,3,2762,1619,344,298,344,344,ready
设备39,5,6,2753,1616,341,295,341,341,ready
设备39,5,12,2735,1610,335,289,335,335,ready
设备39,5,24,2699,1598,323,277,323,323,ready
设备39,6,3,2763,1846,343,120,344,298,ready
设备39,6,6,2754,1846,340,117,341,295,ready
设备39,6,12,2736,1846,334,111,335,289,ready
设备39,6,24,2700,1846,322,99,323,277,ready
设备39,7,3,2766,2145,341,2,343,120,ready
设备39,7,6,2760,2145,335,2,340,117,ready
设备39,7,12,2748,2145,323,2,334,111,ready
设备39,7,24,2724,2145,299,2,322,99,ready
设备39,8,3,2769,2265,343,3,341,2,ready
设备39,8,6,2766,2265,340,3,335,2,ready
设备39,8,12,2760,2265,334,3,323,2,ready
设备39,8,24,2748,2265,322,3,299,2,ready
设备39,9,3,2767,2134,343,130,343,3,ready
设备39,9,6,2761,2131,340,130,340,3,ready
设备39,9,12,2749,2125,334,130,334,3,ready
设备39,9,24,2725,2113,322,130,322,3,ready
设备3,0,3,4824,88,602,6,600,5,ready
设备3,0,6,4809,87,599,6,594,5,ready
设备3,0,12,4779,87,593,6,582,5,ready
设备3,0,24,4719,87,581,6,558,4,ready
设备3,1,3,4819,84,602,8,602,6,ready
设备3,1,6,4798,83,599,8,599,6,ready
设备3,1,12,4756,83,593,8,593,6,ready
设备3,1,24,4672,82,581,8,581,6,ready
设备3,2,3,4822,85,599,5,602,8,ready
设备3,2,6,4804,84,593,5,599,8,ready
设备3,2,12,4768,84,581,5,593,8,ready
设备3,2,24,4696,83,557,5,581,8,ready
设备3,3,3,4825,86,599,7,599,5,ready
设备3,3,6,4810,85,593,7,593,5,ready
设备3,3,12,4780,85,581,7,581,5,ready
设备3,3,24,4720,84,557,7,557,5,ready
设备3,4,3,4825,80,599,12,599,7,ready
设备3,4,6,4810,79,593,12,593,7,ready
设备3,4,12,4780,79,581,12,581,7,ready
设备3,4,24,4720,78,557,12,557,7,ready
设备3,5,3,4822,70,602,17,599,12,ready
设备3,5,6,4804,69,599,17,593,12,ready
设备3,5,12,4768,69,593,17,581,12,ready
设备3,5,24,4696,68,581,17,557,12,ready
设备3,6,3,4819,62,602,20,602,17,ready
设备3,6,6,4798,61,599,20,599,17,ready
设备3,6,12,4756,61,593,20,593,17,ready
设备3,6,24,4672,59,581,20,581,17,ready
设备3,7,3,4819,67,602,12,602,20,ready
设备3,7,6,4798,66,599,12,599,20,ready
设备3,7,12,4756,66,593,12,593,20,ready
设备3,7,24,4672,65,581,11,581,20,ready
设备3,8,3,4826,81,598,6,602,12,ready
设备3,8,6,4811,81,592,5,599,12,ready
设备3,8,12,4781,81,580,5,593,12,ready
设备3,8,24,4721,80,556,5,581,11,ready
设备3,9,3,4828,88,600,5,598,6,ready
设备3,9,6,4816,88,594,5,592,5,ready
设备3,9,12,4792,88,582,5,580,5,ready
设备3,9,24,4744,88,558,4,556,5,ready
设备40,0,3,2325,44,289,1,287,4,ready
设备40,0,6,2313,44,286,1,281,4,ready
设备40,0,12,2289,44,280,1,269,4,ready
设备40,0,24,2241,43,268,1,245,1,ready
设备40,1,3,2320,42,289,6,289,1,ready
设备40,1,6,2302,42,286,6,286,1,ready
设备40,1,12,2266,42,280,6,280,1,ready
设备40,1,24,2194,38,268,6,268,1,ready
设备40,2,3,2319,42,290,1,289,6,ready
设备40,2,6,2301,42,287,1,286,6,ready
设备40,2,12,2265,42,281,1,280,6,ready
设备40,2,24,2193,38,269,1,268,6,ready
设备40,3,3,2319,37,289,11,290,1,ready
设备40,3,6,2301,37,286,11,287,1,ready
设备40,3,12,2265,37,280,11,281,1,ready
设备40,3,24,2193,32,268,11,269,1,ready
设备40,4,3,2320,31,289,7,289,11,ready
设备40,4,6,2302,31,286,7,286,11,ready
设备40,4,12,2266,31,280,7,280,11,ready
设备40,4,24,2194,27,268,6,268,11,ready
设备40,5,3,2322,39,287,3,289,7,ready
设备40,5,6,2307,39,281,3,286,7,ready
设备40,5,12,2277,39,269,3,280,7,ready
设备40,5,24,2217,36,245,2,268,6,ready
设备40,6,3,2326,39,285,7,287,3,ready
设备40,6,6,2314,39,279,7,281,3,ready
设备40,6,12,2290,39,267,7,269,3,ready
设备40,6,24,2242,36,243,7,245,2,ready
设备40,7,3,2327,38,286,4,285,7,ready
设备40,7,6,2315,38,280,4,279,7,ready
设备40,7,12,2291,38,268,4,267,7,ready
设备40,7,24,2243,34,250,4,243,7,ready
设备40,8,3,2326,40,289,5,286,4,ready
设备40,8,6,2314,40,286,5,280,4,ready
设备40,8,12,2290,40,280,5,268,4,ready
设备40,8,24,2242,36,268,5,250,4,ready
设备40,9,3,2325,40,287,4,289,5,ready
设备40,9,6,2313,40,281,4,286,5,ready
设备40,9,12,2289,40,269,4,280,5,ready
设备40,9,24,2247,39,245,1,268,5,ready
设备41,0,3,497,7,60,0,60,0,ready
设备41,0,6,494,7,57,0,57,0,ready
设备41,0,12,488,7,51,0,51,0,ready
设备41,0,24,476,7,39,0,39,0,ready
设备41,1,3,495,7,59,0,60,0,ready
设备41,1,6,489,7,56,0,57,0,ready
设备41,1,12,477,7,50,0,51,0,ready
设备41,1,24,453,7,38,0,39,0,ready
设备41,2,3,495,5,60,2,59,0,ready
设备41,2,6,489,5,57,2,56,0,ready
设备41,2,12,477,5,51,2,50,0,ready
设备41,2,24,453,5,39,2,38,0,ready
设备41,3,3,495,4,59,1,60,2,ready
设备41,3,6,489,4,56,1,57,2,ready
设备41,3,12,477,4,50,1,51,2,ready
设备41,3,24,453,4,38,1,39,2,ready
设备41,4,3,495,4,60,2,59,1,ready
设备41,4,6,489,4,57,2,56,1,ready
设备41,4,12,477,4,51,2,50,1,ready
设备41,4,24,453,4,39,2,38,1,ready
设备41,5,3,494,5,60,0,60,2,ready
设备41,5,6,488,5,57,0,57,2,ready
设备41,5,12,476,5,51,0,51,2,ready
设备41,5,24,452,5,39,0,39,2,ready
设备41,6,3,495,7,59,0,60,0,ready
设备41,6,6,489,7,56,0,57,0,ready
设备41,6,12,477,7,50,0,51,0,ready
设备41,6,24,453,7,38,0,39,0,ready
设备41,7,3,495,6,60,1,59,0,ready
设备41,7,6,489,6,57,1,56,0,ready
设备41,7,12,477,6,51,1,50,0,ready
设备41,7,24,453,6,39,1,38,0,ready
设备41,8,3,498,5,59,1,60,1,ready
设备41,8,6,495,5,56,1,57,1,ready
设备41,8,12,489,5,50,1,51,1,ready
设备41,8,24,477,5,38,1,39,1,ready
设备41,9,3,498,6,60,0,59,1,ready
设备41,9,6,495,6,57,0,56,1,ready
设备41,9,12,489,6,51,0,50,1,ready
设备41,9,24,477,6,39,0,38,1,ready
设备42,0,3,7410,1833,924,40,925,39,ready
设备42,0,6,7404,1830,921,40,922,39,ready
设备42,0,12,7392,1824,915,40,916,39,ready
设备42,0,24,7368,1812,903,40,904,39,ready
设备42,1,3,7408,1810,924,62,924,40,ready
设备42,1,6,7399,1806,921,62,921,40,ready
设备42,1,12,7381,1796,915,62,915,40,ready
设备42,1,24,7345,1783,903,62,903,40,ready
设备42,2,3,7408,1795,924,55,924,62,ready
设备42,2,6,7399,1792,921,54,921,62,ready
设备42,2,12,7381,1786,915,50,915,62,ready
设备42,2,24,7345,1773,903,49,903,62,ready
设备42,3,3,7411,1397,921,457,924,55,ready
设备42,3,6,7405,1394,915,454,921,54,ready
设备42,3,12,7393,1388,903,448,915,50,ready
设备42,3,24,7369,1376,879,435,903,49,ready
设备42,4,3,7411,864,924,588,921,457,ready
设备42,4,6,7405,864,921,585,915,454,ready
设备42,4,12,7393,862,915,579,903,448,ready
设备42,4,24,7369,862,903,567,879,435,ready
设备42,5,3,7408,891,924,430,924,588,ready
设备42,5,6,7399,888,921,430,921,585,ready
设备42,5,12,7381,881,915,428,915,579,ready
设备42,5,24,7345,866,903,428,903,567,ready
设备42,6,3,7408,1352,924,130,924,430,ready
设备42,6,6,7399,1349,921,130,921,430,ready
设备42,6,12,7381,1343,915,129,915,428,ready
设备42,6,24,7345,1331,903,126,903,428,ready
设备42,7,3,7408,1729,924,53,924,130,ready
设备42,7,6,7399,1726,921,53,921,130,ready
设备42,7,12,7381,1720,915,53,915,129,ready
设备42,7,24,7345,1708,903,53,903,126,ready
设备42,8,3,7411,1804,924,55,924,53,ready
设备42,8,6,7405,1801,921,55,921,53,ready
设备42,8,12,7393,1795,915,55,915,53,ready
设备42,8,24,7369,1783,903,55,903,53,ready
设备42,9,3,7410,1818,925,39,924,55,ready
设备42,9,6,7404,1815,922,39,921,55,ready
设备42,9,12,7392,1809,916,39,915,55,ready
设备42,9,24,7368,1797,904,39,903,55,ready
设备43,0,3,3788,217,472,2,470,4,ready
设备43,0,6,3773,212,469,2,464,3,ready
设备43,0,12,3743,205,463,2,452,3,ready
设备43,0,24,3693,192,451,2,428,3,ready
设备43,1,3,3785,211,470,10,472,2,ready
设备43,1,6,3767,205,464,10,469,2,ready
设备43,1,12,3731,198,452,10,463,2,ready
设备43,1,24,3659,185,438,9,451,2,ready
设备43,2,3,3785,200,472,13,470,10,ready
设备43,2,6,3767,194,469,13,464,10,ready
设备43,2,12,3731,187,463,13,452,10,ready
设备43,2,24,3659,175,451,12,438,9,ready
设备43,3,3,3783,200,472,10,472,13,ready
设备43,3,6,3762,194,469,10,469,13,ready
设备43,3,12,3720,187,463,10,463,13,ready
设备43,3,24,3636,175,451,10,451,12,ready
设备43,4,3,3782,203,473,10,472,10,ready
设备43,4,6,3761,197,470,10,469,10,ready
设备43,4,12,3719,190,464,10,463,10,ready
设备43,4,24,3635,178,452,10,451,10,ready
设备43,5,3,3785,73,469,140,473,10,ready
设备43,5,6,3767,70,463,137,470,10,ready
设备43,5,12,3731,69,451,131,464,10,ready
设备43,5,24,3659,69,427,119,452,10,ready
设备43,6,3,3785,71,473,11,469,140,ready
设备43,6,6,3767,68,470,11,463,137,ready
设备43,6,12,3731,67,464,11,451,131,ready
设备43,6,24,3659,67,452,11,427,119,ready
设备43,7,3,3782,204,472,7,473,11,ready
设备43,7,6,3761,198,469,7,470,11,ready
设备43,7,12,3719,191,463,7,464,11,ready
设备43,7,24,3635,179,451,7,452,11,ready
设备43,8,3,3792,200,466,15,472,7,ready
设备43,8,6,3780,196,457,13,469,7,ready
设备43,8,12,3756,190,439,12,463,7,ready
设备43,8,24,3708,178,403,12,451,7,ready
设备43,9,3,3794,204,470,4,466,15,ready
设备43,9,6,3785,201,464,3,457,13,ready
设备43,9,12,3767,195,452,3,439,12,ready
设备43,9,24,3731,183,428,3,403,12,ready
设备44,0,3,6663,228,831,16,832,12,ready
设备44,0,6,6654,228,828,16,829,12,ready
设备44,0,12,6636,228,822,16,823,12,ready
设备44,0,24,6600,228,810,16,811,12,ready
设备44,1,3,6661,194,831,45,831,16,ready
设备44,1,6,6649,194,828,45,828,16,ready
设备44,1,12,6625,194,822,45,822,16,ready
设备44,1,24,6577,192,810,45,810,16,ready
设备44,2,3,6664,175,828,35,831,45,ready
设备44,2,6,6655,175,822,35,828,45,ready
设备44,2,12,6637,175,810,35,822,45,ready
设备44,2,24,6601,175,786,33,810,45,ready
设备44,3,3,6667,208,828,12,828,35,ready
设备44,3,6,6661,208,822,12,822,35,ready
设备44,3,12,6649,208,810,12,810,35,ready
设备44,3,24,6625,208,786,12,786,33,ready
设备44,4,3,6664,217,831,27,828,12,ready
设备44,4,6,6655,216,828,27,822,12,ready
设备44,4,12,6637,216,822,27,810,12,ready
设备44,4,24,6601,213,810,27,786,12,ready
设备44,5,3,6661,187,831,42,831,27,ready
设备44,5,6,6649,185,828,41,828,27,ready
设备44,5,12,6625,185,822,41,822,27,ready
设备44,5,24,6577,185,810,38,810,27,ready
设备44,6,3,6661,182,831,32,831,42,ready
设备44,6,6,6649,182,828,30,828,41,ready
设备44,6,12,6625,182,822,30,822,41,ready
设备44,6,24,6577,182,810,30,810,38,ready
设备44,7,3,6661,215,831,9,831,32,ready
设备44,7,6,6649,215,828,9,828,30,ready
设备44,7,12,6625,215,822,9,822,30,ready
设备44,7,24,6577,215,810,9,810,30,ready
设备44,8,3,6664,222,831,25,831,9,ready
设备44,8,6,6655,222,828,25,828,9,ready
设备44,8,12,6637,222,822,25,822,9,ready
设备44,8,24,6601,222,810,25,810,9,ready
设备44,9,3,6663,219,832,12,831,25,ready
设备44,9,6,6654,219,829,12,828,25,ready
设备44,9,12,6636,219,823,12,822,25,ready
设备44,9,24,6600,219,811,12,810,25,ready
设备45,0,3,6665,177,831,15,832,11,ready
设备45,0,6,6656,177,828,15,829,11,ready
设备45,0,12,6638,177,822,15,823,11,ready
设备45,0,24,6602,177,810,15,811,11,ready
设备45,1,3,6663,152,831,35,831,15,ready
设备45,1,6,6651,152,828,35,828,15,ready
设备45,1,12,6627,152,822,35,822,15,ready
设备45,1,24,6579,151,810,35,810,15,ready
设备45,2,3,6665,141,829,26,831,35,ready
设备45,2,6,6656,141,823,26,828,35,ready
设备45,2,12,6638,141,811,26,822,35,ready
设备45,2,24,6602,141,787,25,810,35,ready
设备45,3,3,6668,166,828,10,829,26,ready
设备45,3,6,6662,166,822,10,823,26,ready
设备45,3,12,6650,166,810,10,811,26,ready
设备45,3,24,6626,166,786,10,787,25,ready
设备45,4,3,6666,174,831,19,828,10,ready
设备45,4,6,6657,174,828,19,822,10,ready
设备45,4,12,6639,173,822,19,810,10,ready
设备45,4,24,6603,171,810,19,786,10,ready
设备45,5,3,6662,155,832,29,831,19,ready
设备45,5,6,6650,153,829,29,828,19,ready
设备45,5,12,6626,153,823,28,822,19,ready
设备45,5,24,6578,153,811,26,810,19,ready
设备45,6,3,6662,148,831,26,832,29,ready
设备45,6,6,6650,148,828,24,829,29,ready
设备45,6,12,6626,148,822,24,823,28,ready
设备45,6,24,6578,148,810,24,811,26,ready
设备45,7,3,6663,168,831,9,831,26,ready
设备45,7,6,6651,168,828,9,828,24,ready
设备45,7,12,6627,168,822,9,822,24,ready
设备45,7,24,6579,168,810,9,810,24,ready
设备45,8,3,6666,172,831,22,831,9,ready
设备45,8,6,6657,172,828,22,828,9,ready
设备45,8,12,6639,172,822,22,822,9,ready
设备45,8,24,6603,172,810,22,810,9,ready
设备45,9,3,6665,170,832,11,831,22,ready
设备45,9,6,6656,170,829,11,828,22,ready
设备45,9,12,6638,170,823,11,822,22,ready
设备45,9,24,6602,170,811,11,810,22,ready
设备46,0,3,4728,1769,587,11,591,6,ready
设备46,0,6,4713,1769,581,11,588,6,ready
设备46,0,12,4683,1769,569,11,582,6,ready
设备46,0,24,4629,1766,545,10,570,6,ready
设备46,1,3,4726,1762,590,13,587,11,ready
设备46,1,6,4708,1762,587,13,581,11,ready
设备46,1,12,4672,1762,581,13,569,11,ready
设备46,1,24,4606,1759,569,13,545,10,ready
设备46,2,3,4734,1700,579,72,590,13,ready
设备46,2,6,4722,1698,567,72,587,13,ready
设备46,2,12,4698,1694,543,72,581,13,ready
设备46,2,24,4650,1689,501,71,569,13,ready
设备46,3,3,4734,1577,590,134,579,72,ready
设备46,3,6,4722,1574,587,132,567,72,ready
设备46,3,12,4698,1568,581,128,543,72,ready
设备46,3,24,4650,1556,569,126,501,71,ready
设备46,4,3,4722,1238,591,408,590,134,ready
设备46,4,6,4701,1235,588,405,587,132,ready
设备46,4,12,4659,1229,582,399,581,128,ready
设备46,4,24,4581,1213,570,390,569,126,ready
设备46,5,3,4722,939,590,434,591,408,ready
设备46,5,6,4701,939,587,431,588,405,ready
设备46,5,12,4659,938,581,425,582,399,ready
设备46,5,24,4581,934,569,413,570,390,ready
设备46,6,3,4723,1104,590,243,590,434,ready
设备46,6,6,4702,1101,587,243,587,431,ready
设备46,6,12,4660,1095,581,242,581,425,ready
设备46,6,24,4582,1079,569,242,569,413,ready
设备46,7,3,4726,1098,587,443,590,243,ready
设备46,7,6,4708,1098,581,440,587,243,ready
设备46,7,12,4672,1098,569,434,581,242,ready
设备46,7,24,4606,1096,545,420,569,242,ready
设备46,8,3,4729,1329,590,12,587,443,ready
设备46,8,6,4714,1329,587,12,581,440,ready
设备46,8,12,4684,1329,581,12,569,434,ready
设备46,8,24,4630,1327,569,12,545,420,ready
设备46,9,3,4725,1769,591,6,590,12,ready
设备46,9,6,4707,1769,588,6,587,12,ready
设备46,9,12,4671,1769,582,6,581,12,ready
设备46,9,24,4605,1765,570,6,569,12,ready
设备47,0,3,7414,520,924,93,925,51,ready
设备47,0,6,7408,520,921,93,922,50,ready
设备47,0,12,7396,520,915,93,916,50,ready
设备47,0,24,7372,516,903,92,904,50,ready
设备47,1,3,7411,472,925,99,924,93,ready
设备47,1,6,7402,469,922,99,921,93,ready
设备47,1,12,7384,466,916,99,915,93,ready
设备47,1,24,7348,462,904,97,903,92,ready
设备47,2,3,7411,513,924,52,925,99,ready
设备47,2,6,7402,512,921,50,922,99,ready
设备47,2,12,7384,511,915,47,916,99,ready
设备47,2,24,7348,509,903,45,904,97,ready
设备47,3,3,7414,584,922,28,924,52,ready
设备47,3,6,7408,583,916,28,921,50,ready
设备47,3,12,7396,583,904,27,915,47,ready
设备47,3,24,7372,583,880,25,903,45,ready
设备47,4,3,7414,569,924,67,922,28,ready
设备47,4,6,7408,568,921,67,916,28,ready
设备47,4,12,7396,568,915,67,904,27,ready
设备47,4,24,7372,566,903,67,880,25,ready
设备47,5,3,7411,494,925,101,924,67,ready
设备47,5,6,7402,492,922,101,921,67,ready
设备47,5,12,7384,491,916,101,915,67,ready
设备47,5,24,7348,488,904,99,903,67,ready
设备47,6,3,7411,450,924,111,925,101,ready
设备47,6,6,7402,448,921,110,922,101,ready
设备47,6,12,7384,448,915,109,916,101,ready
设备47,6,24,7348,446,903,108,904,99,ready
设备47,7,3,7411,529,925,22,924,111,ready
设备47,7,6,7402,528,922,21,921,110,ready
设备47,7,12,7384,528,916,21,915,109,ready
设备47,7,24,7348,526,904,21,903,108,ready
设备47,8,3,7414,604,924,38,925,22,ready
设备47,8,6,7408,603,921,38,922,21,ready
设备47,8,12,7396,603,915,38,916,21,ready
设备47,8,24,7372,601,903,38,904,21,ready
设备47,9,3,7414,575,925,51,924,38,ready
设备47,9,6,7408,575,922,50,921,38,ready
设备47,9,12,7396,575,916,50,915,38,ready
设备47,9,24,7372,572,904,50,903,38,ready
设备48,0,3,1911,19,239,0,234,1,ready
设备48,0,6,1890,19,236,0,228,1,ready
设备48,0,12,1848,19,230,0,216,1,ready
设备48,0,24,1770,18,218,0,192,1,ready
设备48,1,3,1907,18,235,2,239,0,ready
设备48,1,6,1883,18,229,2,236,0,ready
设备48,1,12,1835,18,217,2,230,0,ready
设备48,1,24,1745,17,193,2,218,0,ready
设备48,2,3,1907,17,239,1,235,2,ready
设备48,2,6,1883,17,236,1,229,2,ready
设备48,2,12,1835,16,230,1,217,2,ready
设备48,2,24,1745,15,218,1,193,2,ready
设备48,3,3,1904,17,238,2,239,1,ready
设备48,3,6,1877,17,235,2,236,1,ready
设备48,3,12,1823,17,229,1,230,1,ready
设备48,3,24,1721,16,217,1,218,1,ready
设备48,4,3,1910,11,233,7,238,2,ready
设备48,4,6,1889,11,224,7,235,2,ready
设备48,4,12,1847,11,206,7,229,1,ready
设备48,4,24,1763,11,176,6,217,1,ready
设备48,5,3,1915,10,233,3,233,7,ready
设备48,5,6,1900,10,224,3,224,7,ready
设备48,5,12,1870,10,206,3,206,7,ready
设备48,5,24,1810,10,170,3,176,6,ready
设备48,6,3,1910,16,238,1,233,3,ready
设备48,6,6,1889,16,235,1,224,3,ready
设备48,6,12,1847,16,229,1,206,3,ready
设备48,6,24,1769,15,217,1,170,3,ready
设备48,7,3,1904,18,239,1,238,1,ready
设备48,7,6,1877,18,236,1,235,1,ready
设备48,7,12,1823,18,230,1,229,1,ready
设备48,7,24,1721,17,218,1,217,1,ready
设备48,8,3,1910,17,235,2,239,1,ready
设备48,8,6,1889,17,229,2,236,1,ready
设备48,8,12,1847,17,217,2,230,1,ready
设备48,8,24,1769,16,193,2,218,1,ready
设备48,9,3,1915,17,234,1,235,2,ready
设备48,9,6,1897,17,228,1,229,2,ready
设备48,9,12,1861,17,216,1,217,2,ready
设备48,9,24,1795,16,192,1,193,2,ready
设备49,0,3,6247,125,779,10,776,30,ready
设备49,0,6,6238,125,776,10,770,29,ready
设备49,0,12,6220,125,770,10,758,29,ready
设备49,0,24,6184,123,758,10,734,29,ready
设备49,1,3,6241,149,779,6,779,10,ready
设备49,1,6,6226,148,776,6,776,10,ready
设备49,1,12,6196,148,770,6,770,10,ready
设备49,1,24,6136,146,758,6,758,10,ready
设备49,2,3,6241,145,779,14,779,6,ready
设备49,2,6,6226,144,776,14,776,6,ready
设备49,2,12,6196,144,770,14,770,6,ready
设备49,2,24,6136,142,758,14,758,6,ready
设备49,3,3,6244,131,776,20,779,14,ready
设备49,3,6,6232,130,770,20,776,14,ready
设备49,3,12,6208,130,758,20,770,14,ready
设备49,3,24,6160,130,734,18,758,14,ready
设备49,4,3,6244,131,779,14,776,20,ready
设备49,4,6,6232,130,776,14,770,20,ready
设备49,4,12,6208,130,770,14,758,20,ready
设备49,4,24,6160,130,758,14,734,18,ready
设备49,5,3,6241,126,779,24,779,14,ready
设备49,5,6,6226,125,776,24,776,14,ready
设备49,5,12,6196,124,770,24,770,14,ready
设备49,5,24,6136,122,758,24,758,14,ready
设备49,6,3,6241,119,779,21,779,24,ready
设备49,6,6,6226,118,776,21,776,24,ready
设备49,6,12,6196,118,770,20,770,24,ready
设备49,6,24,6136,116,758,20,758,24,ready
设备49,7,3,6241,127,779,16,779,21,ready
设备49,7,6,6226,126,776,16,776,21,ready
设备49,7,12,6196,126,770,16,770,20,ready
设备49,7,24,6136,124,758,16,758,20,ready
设备49,8,3,6247,140,776,9,779,16,ready
设备49,8,6,6238,139,770,9,776,16,ready
设备49,8,12,6220,139,758,9,770,16,ready
设备49,8,24,6184,137,734,9,758,16,ready
设备49,9,3,6250,126,776,30,776,9,ready
设备49,9,6,6244,126,770,29,770,9,ready
设备49,9,12,6232,126,758,29,758,9,ready
设备49,9,24,6208,124,734,29,734,9,ready
设备4,0,3,2875,36,354,2,360,4,ready
设备4,0,6,2853,34,348,1,357,4,ready
设备4,0,12,2811,33,336,1,351,4,ready
设备4,0,24,2727,33,312,1,339,4,ready
设备4,1,3,2878,33,354,7,354,2,ready
设备4,1,6,2857,32,347,6,348,1,ready
设备4,1,12,2815,32,335,5,336,1,ready
设备4,1,24,2731,32,311,5,312,1,ready
设备4,2,3,2876,26,356,9,354,7,ready
设备4,2,6,2855,24,350,9,347,6,ready
设备4,2,12,2813,24,338,9,335,5,ready
设备4,2,24,2729,24,314,9,311,5,ready
设备4,3,3,2874,31,356,2,356,9,ready
设备4,3,6,2852,28,350,2,350,9,ready
设备4,3,12,2810,27,338,2,338,9,ready
设备4,3,24,2726,27,314,2,314,9,ready
设备4,4,3,2870,36,360,4,356,2,ready
设备4,4,6,2845,33,357,4,350,2,ready
设备4,4,12,2797,32,351,4,338,2,ready
设备4,4,24,2701,31,339,4,314,2,ready
设备4,5,3,2873,33,353,5,360,4,ready
设备4,5,6,2851,31,344,4,357,4,ready
设备4,5,12,2809,30,326,4,351,4,ready
设备4,5,24,2725,30,290,3,339,4,ready
设备4,6,3,2873,35,360,1,353,5,ready
设备4,6,6,2851,33,357,1,344,4,ready
设备4,6,12,2809,32,351,1,326,4,ready
设备4,6,24,2725,32,339,1,290,3,ready
设备4,7,3,2870,35,356,5,360,1,ready
设备4,7,6,2845,32,350,5,357,1,ready
设备4,7,12,2797,31,338,5,351,1,ready
设备4,7,24,2701,31,314,5,339,1,ready
设备4,8,3,2874,34,359,2,356,5,ready
设备4,8,6,2852,31,356,2,350,5,ready
设备4,8,12,2810,30,350,2,338,5,ready
设备4,8,24,2726,30,338,2,314,5,ready
设备4,9,3,2870,36,360,4,359,2,ready
设备4,9,6,2845,33,357,4,356,2,ready
设备4,9,12,2797,32,351,4,350,2,ready
设备4,9,24,2701,32,339,4,338,2,ready
设备50,0,3,7370,455,919,75,919,43,ready
设备50,0,6,7364,455,916,75,916,43,ready
设备50,0,12,7352,453,910,75,910,43,ready
设备50,0,24,7328,449,898,75,898,43,ready
设备50,1,3,7367,377,919,121,919,75,ready
设备50,1,6,7358,377,916,121,916,75,ready
设备50,1,12,7340,376,910,120,910,75,ready
设备50,1,24,7304,374,898,116,898,75,ready
设备50,2,3,7367,399,919,53,919,121,ready
设备50,2,6,7358,399,916,53,916,121,ready
设备50,2,12,7340,396,910,53,910,120,ready
设备50,2,24,7304,396,898,51,898,116,ready
设备50,3,3,7370,486,916,34,919,53,ready
设备50,3,6,7364,486,910,34,916,53,ready
设备50,3,12,7352,486,898,31,910,53,ready
设备50,3,24,7328,486,874,31,898,51,ready
设备50,4,3,7370,502,919,37,916,34,ready
设备50,4,6,7364,502,916,37,910,34,ready
设备50,4,12,7352,502,910,37,898,31,ready
设备50,4,24,7328,502,898,37,874,31,ready
设备50,5,3,7367,453,919,83,919,37,ready
设备50,5,6,7358,453,916,83,916,37,ready
设备50,5,12,7340,452,910,83,910,37,ready
设备50,5,24,7304,452,898,83,898,37,ready
设备50,6,3,7367,434,919,56,919,83,ready
设备50,6,6,7358,434,916,56,916,83,ready
设备50,6,12,7340,433,910,56,910,83,ready
设备50,6,24,7304,433,898,56,898,83,ready
设备50,7,3,7367,487,919,30,919,56,ready
设备50,7,6,7358,487,916,30,916,56,ready
设备50,7,12,7340,486,910,30,910,56,ready
设备50,7,24,7304,486,898,30,898,56,ready
设备50,8,3,7370,502,919,41,919,30,ready
设备50,8,6,7364,502,916,41,916,30,ready
设备50,8,12,7352,501,910,41,910,30,ready
设备50,8,24,7328,501,898,41,898,30,ready
设备50,9,3,7370,489,919,43,919,41,ready
设备50,9,6,7364,489,916,43,916,41,ready
设备50,9,12,7352,488,910,43,910,41,ready
设备50,9,24,7328,488,898,43,898,41,ready
设备51,0,3,7370,465,919,54,919,21,ready
设备51,0,6,7364,464,916,54,916,21,ready
设备51,0,12,7352,462,910,54,910,21,ready
设备51,0,24,7328,458,898,54,898,21,ready
设备51,1,3,7367,417,919,69,919,54,ready
设备51,1,6,7358,417,916,68,916,54,ready
设备51,1,12,7340,416,910,67,910,54,ready
设备51,1,24,7304,414,898,63,898,54,ready
设备51,2,3,7367,443,919,28,919,69,ready
设备51,2,6,7358,443,916,28,916,68,ready
设备51,2,12,7340,441,910,28,910,67,ready
设备51,2,24,7304,441,898,26,898,63,ready
设备51,3,3,7370,483,916,29,919,28,ready
设备51,3,6,7364,483,910,29,916,28,ready
设备51,3,12,7352,483,898,27,910,28,ready
设备51,3,24,7328,483,874,27,898,26,ready
设备51,4,3,7370,490,919,21,916,29,ready
设备51,4,6,7364,490,916,21,910,29,ready
设备51,4,12,7352,490,910,21,898,27,ready
设备51,4,24,7328,490,898,21,874,27,ready
设备51,5,3,7367,277,919,242,919,21,ready
设备51,5,6,7358,277,916,242,916,21,ready
设备51,5,12,7340,276,910,242,910,21,ready
设备51,5,24,7304,276,898,242,898,21,ready
设备51,6,3,7367,259,919,39,919,242,ready
设备51,6,6,7358,259,916,39,916,242,ready
设备51,6,12,7340,258,910,39,910,242,ready
设备51,6,24,7304,258,898,39,898,242,ready
设备51,7,3,7367,481,919,20,919,39,ready
设备51,7,6,7358,481,916,20,916,39,ready
设备51,7,12,7340,480,910,20,910,39,ready
设备51,7,24,7304,480,898,20,898,39,ready
设备51,8,3,7370,503,919,17,919,20,ready
设备51,8,6,7364,503,916,17,916,20,ready
设备51,8,12,7352,502,910,17,910,20,ready
设备51,8,24,7328,502,898,17,898,20,ready
设备51,9,3,7370,502,919,21,919,17,ready
设备51,9,6,7364,502,916,21,916,17,ready
设备51,9,12,7352,501,910,21,910,17,ready
设备51,9,24,7328,501,898,21,898,17,ready
设备52,0,3,6939,192,866,36,866,30,ready
设备52,0,6,6930,192,863,36,863,30,ready
设备52,0,12,6912,191,857,36,857,30,ready
设备52,0,24,6876,191,845,36,845,30,ready
设备52,1,3,6937,190,865,32,866,36,ready
设备52,1,6,6925,190,862,32,863,36,ready
设备52,1,12,6901,188,856,32,857,36,ready
设备52,1,24,6853,187,844,32,845,36,ready
设备52,2,3,6937,189,866,37,865,32,ready
设备52,2,6,6925,189,863,37,862,32,ready
设备52,2,12,6901,188,857,36,856,32,ready
设备52,2,24,6853,186,845,35,844,32,ready
设备52,3,3,6940,203,862,18,866,37,ready
设备52,3,6,6931,203,856,18,863,37,ready
设备52,3,12,6913,203,844,17,857,36,ready
设备52,3,24,6877,203,820,15,845,35,ready
设备52,4,3,6940,219,866,21,862,18,ready
设备52,4,6,6931,219,863,21,856,18,ready
设备52,4,12,6913,219,857,21,844,17,ready
设备52,4,24,6877,219,845,21,820,15,ready
设备52,5,3,6936,206,866,31,866,21,ready
设备52,5,6,6924,206,863,31,863,21,ready
设备52,5,12,6900,205,857,31,857,21,ready
设备52,5,24,6852,205,845,31,845,21,ready
设备52,6,3,6937,208,865,19,866,31,ready
设备52,6,6,6925,208,862,19,863,31,ready
设备52,6,12,6901,207,856,19,857,31,ready
设备52,6,24,6853,207,844,19,845,31,ready
设备52,7,3,6937,225,866,14,865,19,ready
设备52,7,6,6925,225,863,14,862,19,ready
设备52,7,12,6901,224,857,14,856,19,ready
设备52,7,24,6853,224,845,14,844,19,ready
设备52,8,3,6943,224,862,20,866,14,ready
设备52,8,6,6937,224,856,20,863,14,ready
设备52,8,12,6925,223,844,20,857,14,ready
设备52,8,24,6901,223,820,20,845,14,ready
设备52,9,3,6943,208,866,30,862,20,ready
设备52,9,6,6937,208,863,30,856,20,ready
设备52,9,12,6925,207,857,30,844,20,ready
设备52,9,24,6901,207,845,30,820,20,ready
设备53,0,3,6710,117,836,36,832,35,ready
设备53,0,6,6704,117,833,36,826,35,ready
设备53,0,12,6692,116,827,36,814,35,ready
设备53,0,24,6668,116,815,35,790,35,ready
设备53,1,3,6702,133,837,19,836,36,ready
设备53,1,6,6690,133,834,19,833,36,ready
设备53,1,12,6666,132,828,19,827,36,ready
设备53,1,24,6618,131,816,19,815,35,ready
设备53,2,3,6702,159,836,10,837,19,ready
设备53,2,6,6690,159,833,10,834,19,ready
设备53,2,12,6666,158,827,10,828,19,ready
设备53,2,24,6618,156,815,9,816,19,ready
设备53,3,3,6705,162,834,16,836,10,ready
设备53,3,6,6696,162,828,16,833,10,ready
设备53,3,12,6678,162,816,15,827,10,ready
设备53,3,24,6642,162,792,13,815,9,ready
设备53,4,3,6705,156,836,15,834,16,ready
设备53,4,6,6696,153,833,15,828,16,ready
设备53,4,12,6678,152,827,15,816,15,ready
设备53,4,24,6642,152,815,15,792,13,ready
设备53,5,3,6702,151,837,20,836,15,ready
设备53,5,6,6690,151,834,17,833,15,ready
设备53,5,12,6666,150,828,16,827,15,ready
设备53,5,24,6618,150,816,16,815,15,ready
设备53,6,3,6702,155,836,11,837,20,ready
设备53,6,6,6690,155,833,11,834,17,ready
设备53,6,12,6666,154,827,11,828,16,ready
设备53,6,24,6618,154,815,11,816,16,ready
设备53,7,3,6702,162,837,14,836,11,ready
设备53,7,6,6690,162,834,14,833,11,ready
设备53,7,12,6666,161,828,14,827,11,ready
设备53,7,24,6618,161,816,14,815,11,ready
设备53,8,3,6705,164,836,10,837,14,ready
设备53,8,6,6696,164,833,10,834,14,ready
设备53,8,12,6678,163,827,10,828,14,ready
设备53,8,24,6642,163,815,10,816,14,ready
设备53,9,3,6710,143,832,35,836,10,ready
设备53,9,6,6704,143,826,35,833,10,ready
设备53,9,12,6692,142,814,35,827,10,ready
设备53,9,24,6668,141,790,35,815,10,ready
设备54,0,3,6564,246,819,52,816,26,ready
设备54,0,6,6555,246,816,52,810,26,ready
设备54,0,12,6537,246,810,52,798,26,ready
设备54,0,24,6501,245,798,52,774,26,ready
设备54,1,3,6558,212,819,60,819,52,ready
设备54,1,6,6543,212,816,60,816,52,ready
设备54,1,12,6513,212,810,60,810,52,ready
设备54,1,24,6453,212,798,59,798,52,ready
设备54,2,3,6565,253,812,11,819,60,ready
设备54,2,6,6556,253,803,11,816,60,ready
设备54,2,12,6538,253,785,11,810,60,ready
设备54,2,24,6502,253,749,11,798,59,ready
设备54,3,3,6565,288,819,25,812,11,ready
设备54,3,6,6556,288,816,25,803,11,ready
设备54,3,12,6538,288,810,25,785,11,ready
设备54,3,24,6502,288,798,25,749,11,ready
设备54,4,3,6558,269,819,30,819,25,ready
设备54,4,6,6543,269,816,30,816,25,ready
设备54,4,12,6513,269,810,30,810,25,ready
设备54,4,24,6453,269,798,30,798,25,ready
设备54,5,3,6559,245,818,49,819,30,ready
设备54,5,6,6544,245,815,49,816,30,ready
设备54,5,12,6514,245,809,49,810,30,ready
设备54,5,24,6454,243,797,49,798,30,ready
设备54,6,3,6559,240,819,35,818,49,ready
设备54,6,6,6544,240,816,35,815,49,ready
设备54,6,12,6514,238,810,35,809,49,ready
设备54,6,24,6454,238,798,33,797,49,ready
设备54,7,3,6558,271,819,18,819,35,ready
设备54,7,6,6543,271,816,18,816,35,ready
设备54,7,12,6513,271,810,16,810,35,ready
设备54,7,24,6453,271,798,16,798,33,ready
设备54,8,3,6562,288,818,18,819,18,ready
设备54,8,6,6550,288,815,18,816,18,ready
设备54,8,12,6526,288,809,18,810,16,ready
设备54,8,24,6478,288,797,18,798,16,ready
设备54,9,3,6565,280,816,26,818,18,ready
设备54,9,6,6556,280,810,26,815,18,ready
设备54,9,12,6538,280,798,26,809,18,ready
设备54,9,24,6502,280,774,26,797,18,ready
设备55,0,3,6563,200,819,40,816,20,ready
设备55,0,6,6554,200,816,40,810,20,ready
设备55,0,12,6536,200,810,40,798,20,ready
设备55,0,24,6500,199,798,40,774,20,ready
设备55,1,3,6558,174,818,46,819,40,ready
设备55,1,6,6543,174,815,46,816,40,ready
设备55,1,12,6513,174,809,46,810,40,ready
设备55,1,24,6453,174,797,45,798,40,ready
设备55,2,3,6564,204,813,10,818,46,ready
设备55,2,6,6555,204,804,10,815,46,ready
设备55,2,12,6537,204,786,10,809,46,ready
设备55,2,24,6501,204,750,10,797,45,ready
设备55,3,3,6564,232,818,18,813,10,ready
设备55,3,6,6555,232,815,18,804,10,ready
设备55,3,12,6537,232,809,18,786,10,ready
设备55,3,24,6501,232,797,18,750,10,ready
设备55,4,3,6558,214,819,28,818,18,ready
设备55,4,6,6543,214,816,28,815,18,ready
设备55,4,12,6513,214,810,28,809,18,ready
设备55,4,24,6453,214,798,28,797,18,ready
设备55,5,3,6557,193,819,39,819,28,ready
设备55,5,6,6542,193,816,39,816,28,ready
设备55,5,12,6512,193,810,39,810,28,ready
设备55,5,24,6452,190,798,39,798,28,ready
设备55,6,3,6558,191,818,30,819,39,ready
设备55,6,6,6543,191,815,30,816,39,ready
设备55,6,12,6513,189,809,30,810,39,ready
设备55,6,24,6453,189,797,27,798,39,ready
设备55,7,3,6558,217,819,13,818,30,ready
设备55,7,6,6543,217,816,13,815,30,ready
设备55,7,12,6513,217,810,11,809,30,ready
设备55,7,24,6453,217,798,11,797,27,ready
设备55,8,3,6561,231,818,16,819,13,ready
设备55,8,6,6549,231,815,16,816,13,ready
设备55,8,12,6525,231,809,16,810,11,ready
设备55,8,24,6477,231,797,16,798,11,ready
设备55,9,3,6564,224,816,20,818,16,ready
设备55,9,6,6555,224,810,20,815,16,ready
设备55,9,12,6537,224,798,20,809,16,ready
设备55,9,24,6501,224,774,20,797,16,ready
设备56,0,3,5290,602,657,9,658,23,ready
设备56,0,6,5275,602,651,9,652,23,ready
设备56,0,12,5245,602,639,9,640,23,ready
设备56,0,24,5185,597,615,9,616,23,ready
设备56,1,3,5285,609,660,16,657,9,ready
设备56,1,6,5264,609,657,16,651,9,ready
设备56,1,12,5222,609,651,16,639,9,ready
设备56,1,24,5138,604,639,16,615,9,ready
设备56,2,3,5288,577,655,41,660,16,ready
设备56,2,6,5270,577,649,41,657,16,ready
设备56,2,12,5234,577,637,41,651,16,ready
设备56,2,24,5162,575,613,38,639,16,ready
设备56,3,3,5288,481,660,113,655,41,ready
设备56,3,6,5270,481,657,113,649,41,ready
设备56,3,12,5234,481,651,113,637,41,ready
设备56,3,24,5162,481,639,111,613,38,ready
设备56,4,3,5282,486,661,34,660,113,ready
设备56,4,6,5261,483,658,34,657,113,ready
设备56,4,12,5219,477,652,34,651,113,ready
设备56,4,24,5135,462,640,34,639,111,ready
设备56,5,3,5284,238,657,361,661,34,ready
设备56,5,6,5263,238,651,358,658,34,ready
设备56,5,12,5221,238,639,352,652,34,ready
设备56,5,24,5137,233,615,340,640,34,ready
设备56,6,3,5285,260,660,12,657,361,ready
设备56,6,6,5264,260,657,12,651,358,ready
设备56,6,12,5222,260,651,12,639,352,ready
设备56,6,24,5138,253,639,12,615,340,ready
设备56,7,3,5285,616,657,7,660,12,ready
设备56,7,6,5264,616,651,7,657,12,ready
设备56,7,12,5222,616,645,7,651,12,ready
设备56,7,24,5138,611,633,5,639,12,ready
设备56,8,3,5288,612,660,16,657,7,ready
设备56,8,6,5270,612,657,16,651,7,ready
设备56,8,12,5234,612,651,16,645,7,ready
设备56,8,24,5162,607,639,16,633,5,ready
设备56,9,3,5287,596,658,23,660,16,ready
设备56,9,6,5269,596,652,23,657,16,ready
设备56,9,12,5239,596,640,23,651,16,ready
设备56,9,24,5179,591,616,23,639,16,ready
设备57,0,3,6404,389,793,30,799,5,ready
设备57,0,6,6395,388,784,30,796,5,ready
设备57,0,12,6377,387,766,29,790,5,ready
设备57,0,24,6341,386,732,27,778,5,ready
设备57,1,3,6401,347,799,46,793,30,ready
设备57,1,6,6389,346,796,46,784,30,ready
设备57,1,12,6365,345,790,46,766,29,ready
设备57,1,24,6317,344,778,46,732,27,ready
设备57,2,3,6396,318,798,59,799,46,ready
设备57,2,6,6378,317,795,59,796,46,ready
设备57,2,12,6342,315,789,59,790,46,ready
设备57,2,24,6270,314,777,59,778,46,ready
设备57,3,3,6399,311,796,53,798,59,ready
设备57,3,6,6384,310,790,53,795,59,ready
设备57,3,12,6354,308,778,52,789,59,ready
设备57,3,24,6294,307,754,52,777,59,ready
设备57,4,3,6398,317,799,54,796,53,ready
设备57,4,6,6383,316,796,54,790,53,ready
设备57,4,12,6353,315,790,53,778,52,ready
设备57,4,24,6293,313,778,53,754,52,ready
设备57,5,3,6396,283,798,86,799,54,ready
设备57,5,6,6378,282,795,86,796,54,ready
设备57,5,12,6342,279,789,86,790,53,ready
设备57,5,24,6270,278,777,85,778,53,ready
设备57,6,3,6396,293,799,44,798,86,ready
设备57,6,6,6378,292,796,44,795,86,ready
设备57,6,12,6342,289,790,43,789,86,ready
设备57,6,24,6270,287,778,43,777,85,ready
设备57,7,3,6395,355,799,24,799,44,ready
设备57,7,6,6377,354,796,24,796,44,ready
设备57,7,12,6341,352,790,23,790,43,ready
设备57,7,24,6269,350,778,22,778,43,ready
设备57,8,3,6402,379,795,21,799,24,ready
设备57,8,6,6390,379,789,20,796,24,ready
设备57,8,12,6366,377,777,20,790,23,ready
设备57,8,24,6318,377,753,18,778,22,ready
设备57,9,3,6402,398,799,5,795,21,ready
设备57,9,6,6390,398,796,5,789,20,ready
设备57,9,12,6366,396,790,5,777,20,ready
设备57,9,24,6320,394,778,5,753,18,ready
设备58,0,3,6353,1121,789,109,793,5,ready
设备58,0,6,6344,1119,783,109,790,5,ready
设备58,0,12,6326,1115,771,109,784,5,ready
设备58,0,24,6290,1103,747,109,772,5,ready
设备58,1,3,6354,1103,789,23,789,109,ready
设备58,1,6,6345,1101,783,23,783,109,ready
设备58,1,12,6327,1097,771,23,771,109,ready
设备58,1,24,6291,1084,747,22,747,109,ready
设备58,2,3,6353,723,790,489,789,23,ready
设备58,2,6,6344,723,784,487,783,23,ready
设备58,2,12,6326,723,772,483,771,23,ready
设备58,2,24,6290,723,748,470,747,22,ready
设备58,3,3,6350,443,792,300,790,489,ready
设备58,3,6,6338,440,789,300,784,487,ready
设备58,3,12,6314,434,783,300,772,483,ready
设备58,3,24,6266,423,771,300,748,470,ready
设备58,4,3,6348,729,792,203,792,300,ready
设备58,4,6,6333,727,789,200,789,300,ready
设备58,4,12,6303,723,783,194,783,300,ready
设备58,4,24,6243,711,771,184,771,300,ready
设备58,5,3,6347,987,793,42,792,203,ready
设备58,5,6,6332,985,790,42,789,200,ready
设备58,5,12,6302,981,784,42,783,194,ready
设备58,5,24,6242,969,772,42,771,184,ready
设备58,6,3,6347,1155,792,38,793,42,ready
设备58,6,6,6332,1153,789,38,790,42,ready
设备58,6,12,6302,1149,783,38,784,42,ready
设备58,6,24,6242,1137,771,38,772,42,ready
设备58,7,3,6348,1181,792,15,792,38,ready
设备58,7,6,6333,1179,789,15,789,38,ready
设备58,7,12,6303,1175,783,15,783,38,ready
设备58,7,24,6243,1163,771,15,771,38,ready
设备58,8,3,6351,1212,792,7,792,15,ready
设备58,8,6,6339,1210,789,7,789,15,ready
设备58,8,12,6315,1206,783,7,783,15,ready
设备58,8,24,6267,1194,771,7,771,15,ready
设备58,9,3,6350,1222,793,5,792,7,ready
设备58,9,6,6338,1220,790,5,789,7,ready
设备58,9,12,6314,1216,784,5,783,7,ready
设备58,9,24,6266,1204,772,5,771,7,ready
设备59,0,3,169,1,19,0,19,0,ready
设备59,0,6,166,1,16,0,16,0,ready
设备59,0,12,160,1,10,0,10,0,ready
设备59,0,24,148,1,0,0,0,0,empty_split
设备59,1,3,166,1,19,0,19,0,ready
设备59,1,6,160,1,16,0,16,0,ready
设备59,1,12,148,1,10,0,10,0,ready
设备59,1,24,126,1,0,0,0,0,empty_split
设备59,2,3,166,1,19,0,19,0,ready
设备59,2,6,160,1,16,0,16,0,ready
设备59,2,12,148,1,10,0,10,0,ready
设备59,2,24,124,1,0,0,0,0,empty_split
设备59,3,3,167,1,18,0,19,0,ready
设备59,3,6,161,1,15,0,16,0,ready
设备59,3,12,149,1,9,0,10,0,ready
设备59,3,24,125,1,0,0,0,0,empty_split
设备59,4,3,167,1,19,0,18,0,ready
设备59,4,6,161,1,16,0,15,0,ready
设备59,4,12,149,1,10,0,9,0,ready
设备59,4,24,125,1,0,0,0,0,empty_split
设备59,5,3,166,1,19,0,19,0,ready
设备59,5,6,160,1,16,0,16,0,ready
设备59,5,12,148,1,10,0,10,0,ready
设备59,5,24,124,1,0,0,0,0,empty_split
设备59,6,3,166,1,19,0,19,0,ready
设备59,6,6,160,1,16,0,16,0,ready
设备59,6,12,148,1,10,0,10,0,ready
设备59,6,24,124,1,0,0,0,0,empty_split
设备59,7,3,166,1,19,0,19,0,ready
设备59,7,6,160,1,16,0,16,0,ready
设备59,7,12,148,1,10,0,10,0,ready
设备59,7,24,129,0,0,0,0,0,empty_split;single_class_train
设备59,8,3,172,0,16,1,19,0,single_class_train
设备59,8,6,169,0,13,1,16,0,single_class_train
设备59,8,12,163,0,7,1,10,0,single_class_train
设备59,8,24,151,0,0,0,0,0,empty_split;single_class_train
设备59,9,3,172,0,19,0,16,1,single_class_train
设备59,9,6,169,0,16,0,13,1,single_class_train
设备59,9,12,163,0,10,0,7,1,single_class_train
设备59,9,24,151,0,0,0,0,0,empty_split;single_class_train
设备5,0,3,6847,355,854,33,851,10,ready
设备5,0,6,6841,355,851,33,845,10,ready
设备5,0,12,6829,355,845,33,833,10,ready
设备5,0,24,6805,353,833,32,809,10,ready
设备5,1,3,6841,196,854,169,854,33,ready
设备5,1,6,6829,196,851,169,851,33,ready
设备5,1,12,6805,196,845,169,845,33,ready
设备5,1,24,6757,195,833,168,833,32,ready
设备5,2,3,6842,219,853,10,854,169,ready
设备5,2,6,6830,219,850,10,851,169,ready
设备5,2,12,6806,219,844,10,845,169,ready
设备5,2,24,6758,218,832,10,833,168,ready
设备5,3,3,6845,371,851,17,853,10,ready
设备5,3,6,6836,371,845,17,850,10,ready
设备5,3,12,6818,371,833,17,844,10,ready
设备5,3,24,6782,371,809,16,832,10,ready
设备5,4,3,6844,361,854,20,851,17,ready
设备5,4,6,6835,361,851,20,845,17,ready
设备5,4,12,6817,361,845,20,833,17,ready
设备5,4,24,6781,361,833,20,809,16,ready
设备5,5,3,6842,309,853,68,854,20,ready
设备5,5,6,6830,308,850,68,851,20,ready
设备5,5,12,6806,307,844,68,845,20,ready
设备5,5,24,6758,306,832,68,833,20,ready
设备5,6,3,6842,285,854,44,853,68,ready
设备5,6,6,6830,285,851,43,850,68,ready
设备5,6,12,6806,285,845,42,844,68,ready
设备5,6,24,6758,284,833,42,832,68,ready
设备5,7,3,6841,340,854,13,854,44,ready
设备5,7,6,6829,340,851,13,851,43,ready
设备5,7,12,6805,340,845,13,845,42,ready
设备5,7,24,6757,338,833,13,833,42,ready
设备5,8,3,6845,372,853,13,854,13,ready
设备5,8,6,6836,372,850,13,851,13,ready
设备5,8,12,6818,372,844,13,845,13,ready
设备5,8,24,6782,371,832,12,833,13,ready
设备5,9,3,6848,375,851,10,853,13,ready
设备5,9,6,6842,375,845,10,850,13,ready
设备5,9,12,6830,375,833,10,844,13,ready
设备5,9,24,6806,373,809,10,832,12,ready
设备60,0,3,6351,111,789,8,792,12,ready
设备60,0,6,6342,111,783,7,789,12,ready
设备60,0,12,6324,111,771,7,783,12,ready
设备60,0,24,6288,111,747,5,771,12,ready
设备60,1,3,6348,108,792,13,789,8,ready
设备60,1,6,6336,108,789,13,783,7,ready
设备60,1,12,6312,108,783,13,771,7,ready
设备60,1,24,6264,108,771,13,747,5,ready
设备60,2,3,6345,103,792,13,792,13,ready
设备60,2,6,6330,102,789,13,789,13,ready
设备60,2,12,6300,102,783,13,783,13,ready
设备60,2,24,6240,101,771,13,771,13,ready
设备60,3,3,6348,92,789,24,792,13,ready
设备60,3,6,6336,91,783,24,789,13,ready
设备60,3,12,6312,91,771,24,783,13,ready
设备60,3,24,6264,90,747,24,771,13,ready
设备60,4,3,6348,90,792,17,789,24,ready
设备60,4,6,6336,89,789,17,783,24,ready
设备60,4,12,6312,89,783,17,771,24,ready
设备60,4,24,6264,88,771,17,747,24,ready
设备60,5,3,6345,95,792,19,792,17,ready
设备60,5,6,6330,94,789,19,789,17,ready
设备60,5,12,6300,94,783,19,783,17,ready
设备60,5,24,6240,93,771,19,771,17,ready
设备60,6,3,6345,104,792,8,792,19,ready
设备60,6,6,6330,103,789,8,789,19,ready
设备60,6,12,6300,103,783,8,783,19,ready
设备60,6,24,6240,102,771,8,771,19,ready
设备60,7,3,6345,115,792,8,792,8,ready
设备60,7,6,6330,114,789,8,789,8,ready
设备60,7,12,6300,114,783,8,783,8,ready
设备60,7,24,6240,113,771,8,771,8,ready
设备60,8,3,6351,116,789,7,792,8,ready
设备60,8,6,6342,115,783,7,789,8,ready
设备60,8,12,6324,115,771,7,783,8,ready
设备60,8,24,6288,114,747,7,771,8,ready
设备60,9,3,6351,112,792,12,789,7,ready
设备60,9,6,6342,111,789,12,783,7,ready
设备60,9,12,6324,111,783,12,771,7,ready
设备60,9,24,6288,109,771,12,747,7,ready
设备61,0,3,5601,167,699,6,697,10,ready
设备61,0,6,5586,167,696,6,691,10,ready
设备61,0,12,5556,165,690,6,679,10,ready
设备61,0,24,5496,164,678,6,655,10,ready
设备61,1,3,5596,99,699,78,699,6,ready
设备61,1,6,5575,99,696,78,696,6,ready
设备61,1,12,5533,97,690,78,690,6,ready
设备61,1,24,5449,93,678,77,678,6,ready
设备61,2,3,5596,93,699,12,699,78,ready
设备61,2,6,5575,93,696,12,696,78,ready
设备61,2,12,5533,91,690,12,690,78,ready
设备61,2,24,5449,91,678,8,678,77,ready
设备61,3,3,5596,145,699,26,699,12,ready
设备61,3,6,5575,145,696,26,696,12,ready
设备61,3,12,5533,143,690,26,690,12,ready
设备61,3,24,5449,143,678,26,678,8,ready
设备61,4,3,5599,139,696,18,699,26,ready
设备61,4,6,5581,139,690,18,696,26,ready
设备61,4,12,5545,137,678,18,690,26,ready
设备61,4,24,5473,137,654,18,678,26,ready
设备61,5,3,5602,155,696,10,696,18,ready
设备61,5,6,5587,154,690,10,690,18,ready
设备61,5,12,5557,152,678,10,678,18,ready
设备61,5,24,5497,151,654,10,654,18,ready
设备61,6,3,5599,167,699,6,696,10,ready
设备61,6,6,5581,167,696,5,690,10,ready
设备61,6,12,5545,165,690,5,678,10,ready
设备61,6,24,5473,165,678,4,654,10,ready
设备61,7,3,5596,169,699,8,699,6,ready
设备61,7,6,5575,169,696,8,696,5,ready
设备61,7,12,5533,167,690,8,690,5,ready
设备61,7,24,5449,167,678,8,678,4,ready
设备61,8,3,5605,166,693,9,699,8,ready
设备61,8,6,5593,166,684,9,696,8,ready
设备61,8,12,5569,166,666,7,690,8,ready
设备61,8,24,5521,166,630,7,678,8,ready
设备61,9,3,5607,164,697,10,693,9,ready
设备61,9,6,5598,164,691,10,684,9,ready
设备61,9,12,5580,164,679,10,666,7,ready
设备61,9,24,5544,164,655,10,630,7,ready
设备62,0,3,207,3,24,0,25,0,ready
设备62,0,6,198,3,21,0,22,0,ready
设备62,0,12,180,3,15,0,16,0,ready
设备62,0,24,144,2,3,0,4,0,ready
设备62,1,3,205,3,24,0,24,0,ready
设备62,1,6,193,3,21,0,21,0,ready
设备62,1,12,169,3,15,0,15,0,ready
设备62,1,24,121,2,3,0,3,0,ready
设备62,2,3,205,3,24,0,24,0,ready
设备62,2,6,193,3,21,0,21,0,ready
设备62,2,12,169,3,15,0,15,0,ready
设备62,2,24,121,2,3,0,3,0,ready
设备62,3,3,205,3,24,0,24,0,ready
设备62,3,6,193,3,21,0,21,0,ready
设备62,3,12,169,3,15,0,15,0,ready
设备62,3,24,121,2,3,0,3,0,ready
设备62,4,3,205,3,24,0,24,0,ready
设备62,4,6,193,3,21,0,21,0,ready
设备62,4,12,169,3,15,0,15,0,ready
设备62,4,24,121,2,3,0,3,0,ready
设备62,5,3,205,3,24,0,24,0,ready
设备62,5,6,193,3,21,0,21,0,ready
设备62,5,12,169,3,15,0,15,0,ready
设备62,5,24,121,2,3,0,3,0,ready
设备62,6,3,205,3,24,0,24,0,ready
设备62,6,6,194,2,21,0,21,0,ready
设备62,6,12,176,2,15,0,15,0,ready
设备62,6,24,140,1,3,0,3,0,ready
设备62,7,3,208,1,21,1,24,0,ready
设备62,7,6,202,1,16,0,21,0,ready
设备62,7,12,190,1,10,0,15,0,ready
设备62,7,24,166,0,0,0,3,0,empty_split;single_class_train
设备62,8,3,214,0,21,1,21,1,single_class_train
设备62,8,6,211,0,18,1,16,0,single_class_train
设备62,8,12,205,0,12,1,10,0,single_class_train
设备62,8,24,193,0,0,0,0,0,empty_split;single_class_train
设备62,9,3,210,1,25,0,21,1,ready
设备62,9,6,204,1,22,0,18,1,ready
设备62,9,12,192,1,16,0,12,1,ready
设备62,9,24,170,1,4,0,0,0,empty_split
设备63,0,3,7346,333,916,37,917,27,ready
设备63,0,6,7340,333,913,37,914,27,ready
设备63,0,12,7328,331,907,37,908,27,ready
设备63,0,24,7304,331,895,36,896,27,ready
设备63,1,3,7344,287,916,73,916,37,ready
设备63,1,6,7335,287,913,73,913,37,ready
设备63,1,12,7317,287,907,71,907,37,ready
设备63,1,24,7281,287,895,71,895,36,ready
设备63,2,3,7344,279,916,46,916,73,ready
设备63,2,6,7335,279,913,46,913,73,ready
设备63,2,12,7317,279,907,46,907,71,ready
设备63,2,24,7281,279,895,46,895,71,ready
设备63,3,3,7347,312,913,40,916,46,ready
设备63,3,6,7341,312,907,40,913,46,ready
设备63,3,12,7329,312,895,40,907,46,ready
设备63,3,24,7305,312,871,40,895,46,ready
设备63,4,3,7347,331,916,27,913,40,ready
设备63,4,6,7341,331,913,27,907,40,ready
设备63,4,12,7329,331,907,27,895,40,ready
设备63,4,24,7305,331,895,27,871,40,ready
设备63,5,3,7344,319,916,52,916,27,ready
设备63,5,6,7335,319,913,52,913,27,ready
设备63,5,12,7317,319,907,52,907,27,ready
设备63,5,24,7281,319,895,52,895,27,ready
设备63,6,3,7344,284,916,62,916,52,ready
设备63,6,6,7335,284,913,62,913,52,ready
设备63,6,12,7317,284,907,62,907,52,ready
设备63,6,24,7281,284,895,62,895,52,ready
设备63,7,3,7344,320,916,16,916,62,ready
设备63,7,6,7335,320,913,16,913,62,ready
设备63,7,12,7317,320,907,16,907,62,ready
设备63,7,24,7281,320,895,16,895,62,ready
设备63,8,3,7347,365,916,17,916,16,ready
设备63,8,6,7341,365,913,17,913,16,ready
设备63,8,12,7329,365,907,17,907,16,ready
设备63,8,24,7305,365,895,17,895,16,ready
设备63,9,3,7346,353,917,27,916,17,ready
设备63,9,6,7340,353,914,27,913,17,ready
设备63,9,12,7328,353,908,27,907,17,ready
设备63,9,24,7304,352,896,27,895,17,ready
设备64,0,3,7346,256,916,30,917,21,ready
设备64,0,6,7340,256,913,30,914,21,ready
设备64,0,12,7328,255,907,30,908,21,ready
设备64,0,24,7304,255,895,29,896,21,ready
设备64,1,3,7344,222,916,55,916,30,ready
设备64,1,6,7335,222,913,55,913,30,ready
设备64,1,12,7317,222,907,54,907,30,ready
设备64,1,24,7281,222,895,54,895,29,ready
设备64,2,3,7344,215,916,37,916,55,ready
设备64,2,6,7335,215,913,37,913,55,ready
设备64,2,12,7317,215,907,37,907,54,ready
设备64,2,24,7281,215,895,37,895,54,ready
设备64,3,3,7347,238,913,32,916,37,ready
设备64,3,6,7341,238,907,32,913,37,ready
设备64,3,12,7329,238,895,32,907,37,ready
设备64,3,24,7305,238,871,32,895,37,ready
设备64,4,3,7347,251,916,24,913,32,ready
设备64,4,6,7341,251,913,24,907,32,ready
设备64,4,12,7329,251,907,24,895,32,ready
设备64,4,24,7305,251,895,24,871,32,ready
设备64,5,3,7344,247,916,36,916,24,ready
设备64,5,6,7335,247,913,36,913,24,ready
设备64,5,12,7317,247,907,36,907,24,ready
设备64,5,24,7281,247,895,36,895,24,ready
设备64,6,3,7344,229,916,42,916,36,ready
设备64,6,6,7335,229,913,42,913,36,ready
设备64,6,12,7317,229,907,42,907,36,ready
设备64,6,24,7281,229,895,42,895,36,ready
设备64,7,3,7344,249,916,16,916,42,ready
设备64,7,6,7335,249,913,16,913,42,ready
设备64,7,12,7317,249,907,16,907,42,ready
设备64,7,24,7281,249,895,16,895,42,ready
设备64,8,3,7347,277,916,14,916,16,ready
设备64,8,6,7341,277,913,14,913,16,ready
设备64,8,12,7329,277,907,14,907,16,ready
设备64,8,24,7305,277,895,14,895,16,ready
设备64,9,3,7346,272,917,21,916,14,ready
设备64,9,6,7340,272,914,21,913,14,ready
设备64,9,12,7328,272,908,21,907,14,ready
设备64,9,24,7304,271,896,21,895,14,ready
设备65,0,3,6401,279,799,31,799,9,ready
设备65,0,6,6389,279,796,31,796,9,ready
设备65,0,12,6365,278,790,31,790,9,ready
设备65,0,24,6317,278,778,31,778,9,ready
设备65,1,3,6398,218,799,70,799,31,ready
设备65,1,6,6383,218,796,70,796,31,ready
设备65,1,12,6353,217,790,70,790,31,ready
设备65,1,24,6293,216,778,70,778,31,ready
设备65,2,3,6399,179,798,70,799,70,ready
设备65,2,6,6384,179,795,70,796,70,ready
设备65,2,12,6354,178,789,70,790,70,ready
设备65,2,24,6294,178,777,69,778,70,ready
设备65,3,3,6399,235,799,14,798,70,ready
设备65,3,6,6384,235,796,14,795,70,ready
设备65,3,12,6354,233,790,14,789,70,ready
设备65,3,24,6294,233,778,14,777,69,ready
设备65,4,3,6401,290,796,15,799,14,ready
设备65,4,6,6389,290,790,15,796,14,ready
设备65,4,12,6365,290,778,13,790,14,ready
设备65,4,24,6317,290,754,13,778,14,ready
设备65,5,3,6402,287,798,17,796,15,ready
设备65,5,6,6390,287,795,17,790,15,ready
设备65,5,12,6366,285,789,17,778,13,ready
设备65,5,24,6318,283,777,17,754,13,ready
设备65,6,3,6399,261,799,40,798,17,ready
设备65,6,6,6384,261,796,40,795,17,ready
设备65,6,12,6354,260,790,38,789,17,ready
设备65,6,24,6294,260,778,36,777,17,ready
设备65,7,3,6401,241,796,37,799,40,ready
设备65,7,6,6389,241,790,37,796,40,ready
设备65,7,12,6365,240,778,37,790,38,ready
设备65,7,24,6317,239,754,37,778,36,ready
设备65,8,3,6408,266,795,15,796,37,ready
设备65,8,6,6402,266,789,15,790,37,ready
设备65,8,12,6390,265,777,15,778,37,ready
设备65,8,24,6366,265,753,14,754,37,ready
设备65,9,3,6405,295,799,9,795,15,ready
设备65,9,6,6396,295,796,9,789,15,ready
设备65,9,12,6378,294,790,9,777,15,ready
设备65,9,24,6342,294,778,9,753,14,ready
设备66,0,3,5523,182,689,28,687,7,ready
设备66,0,6,5508,182,686,28,681,7,ready
设备66,0,12,5478,182,680,28,669,7,ready
设备66,0,24,5418,182,668,28,645,7,ready
设备66,1,3,5518,140,689,49,689,28,ready
设备66,1,6,5497,140,686,49,686,28,ready
设备66,1,12,5455,136,680,49,680,28,ready
设备66,1,24,5371,134,668,49,668,28,ready
设备66,2,3,5517,119,690,49,689,49,ready
设备66,2,6,5496,119,687,49,686,49,ready
设备66,2,12,5454,118,681,45,680,49,ready
设备66,2,24,5370,117,669,43,668,49,ready
设备66,3,3,5517,159,689,9,690,49,ready
设备66,3,6,5496,159,686,9,687,49,ready
设备66,3,12,5454,159,680,8,681,45,ready
设备66,3,24,5370,159,668,7,669,43,ready
设备66,4,3,5524,193,683,15,689,9,ready
设备66,4,6,5509,193,674,15,686,9,ready
设备66,4,12,5479,193,656,15,680,8,ready
设备66,4,24,5419,193,620,15,668,7,ready
设备66,5,3,5523,188,690,14,683,15,ready
设备66,5,6,5508,188,687,14,674,15,ready
设备66,5,12,5478,188,681,14,656,15,ready
设备66,5,24,5418,187,669,14,620,15,ready
设备66,6,3,5517,179,689,24,690,14,ready
设备66,6,6,5496,179,686,24,687,14,ready
设备66,6,12,5454,179,680,24,681,14,ready
设备66,6,24,5370,179,668,23,669,14,ready
设备66,7,3,5521,179,686,14,689,24,ready
设备66,7,6,5503,179,680,14,686,24,ready
设备66,7,12,5467,179,668,14,680,24,ready
设备66,7,24,5395,179,644,14,668,23,ready
设备66,8,3,5527,195,686,8,686,14,ready
设备66,8,6,5515,195,680,8,680,14,ready
设备66,8,12,5491,195,668,8,668,14,ready
设备66,8,24,5443,195,644,8,644,14,ready
设备66,9,3,5526,202,687,7,686,8,ready
设备66,9,6,5514,202,681,7,680,8,ready
设备66,9,12,5490,202,669,7,668,8,ready
设备66,9,24,5442,202,645,7,644,8,ready
设备67,0,3,7037,417,878,21,878,20,ready
设备67,0,6,7028,417,875,21,875,20,ready
设备67,0,12,7010,417,869,21,869,20,ready
设备67,0,24,6974,414,857,19,857,20,ready
设备67,1,3,7034,360,878,76,878,21,ready
设备67,1,6,7022,360,875,76,875,21,ready
设备67,1,12,6998,358,869,76,869,21,ready
设备67,1,24,6950,357,857,74,857,19,ready
设备67,2,3,7034,341,878,40,878,76,ready
设备67,2,6,7022,341,875,40,875,76,ready
设备67,2,12,6998,341,869,38,869,76,ready
设备67,2,24,6950,339,857,38,857,74,ready
设备67,3,3,7038,382,874,35,878,40,ready
设备67,3,6,7029,382,868,35,875,40,ready
设备67,3,12,7011,381,856,35,869,38,ready
设备67,3,24,6975,381,832,33,857,38,ready
设备67,4,3,7038,370,878,53,874,35,ready
设备67,4,6,7029,370,875,53,868,35,ready
设备67,4,12,7011,370,869,52,856,35,ready
设备67,4,24,6975,369,857,52,832,33,ready
设备67,5,3,7034,332,878,72,878,53,ready
设备67,5,6,7022,331,875,72,875,53,ready
设备67,5,12,6998,331,869,72,869,52,ready
设备67,5,24,6950,330,857,71,857,52,ready
设备67,6,3,7034,304,878,81,878,72,ready
设备67,6,6,7022,302,875,80,875,72,ready
设备67,6,12,6998,302,869,80,869,72,ready
设备67,6,24,6950,301,857,80,857,71,ready
设备67,7,3,7034,336,878,40,878,81,ready
设备67,7,6,7022,336,875,38,875,80,ready
设备67,7,12,6998,336,869,38,869,80,ready
设备67,7,24,6950,335,857,38,857,80,ready
设备67,8,3,7041,400,874,18,878,40,ready
设备67,8,6,7035,400,868,18,875,38,ready
设备67,8,12,7023,400,856,18,869,38,ready
设备67,8,24,6999,399,832,18,857,38,ready
设备67,9,3,7041,420,878,20,874,18,ready
设备67,9,6,7035,420,875,20,868,18,ready
设备67,9,12,7023,420,869,20,856,18,ready
设备67,9,24,6999,417,857,20,832,18,ready
设备68,0,3,1723,16,215,1,211,6,ready
设备68,0,6,1708,15,212,1,205,6,ready
设备68,0,12,1678,15,206,1,193,6,ready
设备68,0,24,1618,15,194,1,169,3,ready
设备68,1,3,1724,17,207,5,215,1,ready
设备68,1,6,1709,17,198,4,212,1,ready
设备68,1,12,1679,17,180,4,206,1,ready
设备68,1,24,1619,14,144,4,194,1,ready
设备68,2,3,1725,15,214,3,207,5,ready
设备68,2,6,1710,15,211,3,198,4,ready
设备68,2,12,1680,15,205,3,180,4,ready
设备68,2,24,1620,12,193,3,144,4,ready
设备68,3,3,1717,19,215,1,214,3,ready
设备68,3,6,1696,18,212,1,211,3,ready
设备68,3,12,1654,18,206,1,205,3,ready
设备68,3,24,1570,15,194,1,193,3,ready
设备68,4,3,1716,21,215,1,215,1,ready
设备68,4,6,1695,20,212,1,212,1,ready
设备68,4,12,1653,20,206,1,206,1,ready
设备68,4,24,1569,17,194,1,194,1,ready
设备68,5,3,1717,21,214,1,215,1,ready
设备68,5,6,1696,20,211,1,212,1,ready
设备68,5,12,1654,20,205,1,206,1,ready
设备68,5,24,1570,17,193,1,194,1,ready
设备68,6,3,1717,21,215,1,214,1,ready
设备68,6,6,1696,20,212,1,211,1,ready
设备68,6,12,1654,20,206,1,205,1,ready
设备68,6,24,1570,15,194,1,193,1,ready
设备68,7,3,1719,19,212,3,215,1,ready
设备68,7,6,1701,18,206,3,212,1,ready
设备68,7,12,1665,18,194,3,206,1,ready
设备68,7,24,1593,15,170,1,194,1,ready
设备68,8,3,1727,19,210,1,212,3,ready
设备68,8,6,1715,18,204,1,206,3,ready
设备68,8,12,1691,18,192,1,194,3,ready
设备68,8,24,1643,15,168,1,170,1,ready
设备68,9,3,1728,16,211,6,210,1,ready
设备68,9,6,1716,15,205,6,204,1,ready
设备68,9,12,1692,15,193,6,192,1,ready
设备68,9,24,1644,15,169,3,168,1,ready
设备69,0,3,7018,519,875,49,876,17,ready
设备69,0,6,7009,519,872,49,873,17,ready
设备69,0,12,6991,519,866,49,867,17,ready
设备69,0,24,6955,516,854,47,855,17,ready
设备69,1,3,7015,442,876,94,875,49,ready
设备69,1,6,7003,442,873,94,872,49,ready
设备69,1,12,6979,442,867,94,866,49,ready
设备69,1,24,6931,441,855,92,854,47,ready
设备69,2,3,7015,452,875,39,876,94,ready
设备69,2,6,7003,452,872,39,873,94,ready
设备69,2,12,6979,452,866,39,867,94,ready
设备69,2,24,6931,447,854,39,855,92,ready
设备69,3,3,7019,488,872,58,875,39,ready
设备69,3,6,7010,487,866,58,872,39,ready
设备69,3,12,6992,487,854,58,866,39,ready
设备69,3,24,6956,484,830,54,854,39,ready
设备69,4,3,7018,446,876,81,872,58,ready
设备69,4,6,7009,446,873,80,866,58,ready
设备69,4,12,6991,446,867,80,854,58,ready
设备69,4,24,6955,445,855,78,830,54,ready
设备69,5,3,7015,429,875,72,876,81,ready
设备69,5,6,7003,429,872,72,873,80,ready
设备69,5,12,6979,429,866,72,867,80,ready
设备69,5,24,6931,426,854,72,855,78,ready
设备69,6,3,7015,408,876,102,875,72,ready
设备69,6,6,7003,407,873,102,872,72,ready
设备69,6,12,6979,406,867,102,866,72,ready
设备69,6,24,6931,405,855,100,854,72,ready
设备69,7,3,7015,449,875,31,876,102,ready
设备69,7,6,7003,449,872,30,873,102,ready
设备69,7,12,6979,449,866,29,867,102,ready
设备69,7,24,6931,448,854,29,855,100,ready
设备69,8,3,7022,515,872,39,875,31,ready
设备69,8,6,7016,515,866,39,872,30,ready
设备69,8,12,7004,515,854,39,866,29,ready
设备69,8,24,6980,515,830,38,854,29,ready
设备69,9,3,7021,529,876,17,872,39,ready
设备69,9,6,7015,529,873,17,866,39,ready
设备69,9,12,7003,529,867,17,854,39,ready
设备69,9,24,6979,527,855,17,830,38,ready
设备6,0,3,6329,577,789,39,788,13,ready
设备6,0,6,6323,577,786,39,785,13,ready
设备6,0,12,6311,576,780,39,779,13,ready
设备6,0,24,6287,575,768,39,767,13,ready
设备6,1,3,6325,574,789,16,789,39,ready
设备6,1,6,6316,574,786,16,786,39,ready
设备6,1,12,6298,574,780,15,780,39,ready
设备6,1,24,6262,574,768,14,768,39,ready
设备6,2,3,6328,602,786,11,789,16,ready
设备6,2,6,6322,602,780,11,786,16,ready
设备6,2,12,6310,602,768,11,780,15,ready
设备6,2,24,6286,602,744,11,768,14,ready
设备6,3,3,6328,608,789,10,786,11,ready
设备6,3,6,6322,608,786,10,780,11,ready
设备6,3,12,6310,608,780,10,768,11,ready
设备6,3,24,6286,608,768,10,744,11,ready
设备6,4,3,6325,594,789,25,789,10,ready
设备6,4,6,6316,594,786,25,786,10,ready
设备6,4,12,6298,594,780,25,780,10,ready
设备6,4,24,6262,594,768,25,768,10,ready
设备6,5,3,6325,132,789,472,789,25,ready
设备6,5,6,6316,131,786,472,786,25,ready
设备6,5,12,6298,130,780,472,780,25,ready
设备6,5,24,6262,130,768,472,768,25,ready
设备6,6,3,6325,137,789,20,789,472,ready
设备6,6,6,6316,137,786,19,786,472,ready
设备6,6,12,6298,137,780,18,780,472,ready
设备6,6,24,6262,137,768,18,768,472,ready
设备6,7,3,6325,597,789,12,789,20,ready
设备6,7,6,6316,597,786,12,786,19,ready
设备6,7,12,6298,597,780,12,780,18,ready
设备6,7,24,6262,597,768,12,768,18,ready
设备6,8,3,6329,606,788,11,789,12,ready
设备6,8,6,6323,606,785,11,786,12,ready
设备6,8,12,6311,606,779,11,780,12,ready
设备6,8,24,6287,606,767,11,768,12,ready
设备6,9,3,6330,605,788,13,788,11,ready
设备6,9,6,6324,605,785,13,785,11,ready
设备6,9,12,6312,605,779,13,779,11,ready
设备6,9,24,6288,605,767,13,767,11,ready
设备70,0,3,7119,269,888,18,889,8,ready
设备70,0,6,7110,268,885,17,886,8,ready
设备70,0,12,7092,268,879,17,880,8,ready
设备70,0,24,7056,268,867,17,868,8,ready
设备70,1,3,7117,239,888,38,888,18,ready
设备70,1,6,7105,239,885,37,885,17,ready
设备70,1,12,7081,238,879,37,879,17,ready
设备70,1,24,7033,238,867,37,867,17,ready
设备70,2,3,7117,227,888,30,888,38,ready
设备70,2,6,7105,227,885,30,885,37,ready
设备70,2,12,7081,227,879,29,879,37,ready
设备70,2,24,7033,227,867,29,867,37,ready
设备70,3,3,7120,231,885,34,888,30,ready
设备70,3,6,7111,231,879,34,885,30,ready
设备70,3,12,7093,231,867,34,879,29,ready
设备70,3,24,7057,231,843,34,867,29,ready
设备70,4,3,7120,219,888,42,885,34,ready
设备70,4,6,7111,219,885,42,879,34,ready
设备70,4,12,7093,219,879,42,867,34,ready
设备70,4,24,7057,219,867,42,843,34,ready
设备70,5,3,7117,218,888,35,888,42,ready
设备70,5,6,7105,218,885,35,885,42,ready
设备70,5,12,7081,217,879,35,879,42,ready
设备70,5,24,7033,217,867,35,867,42,ready
设备70,6,3,7117,213,888,47,888,35,ready
设备70,6,6,7105,213,885,47,885,35,ready
设备70,6,12,7081,213,879,46,879,35,ready
设备70,6,24,7033,213,867,46,867,35,ready
设备70,7,3,7117,229,888,19,888,47,ready
设备70,7,6,7105,229,885,19,885,47,ready
设备70,7,12,7081,229,879,19,879,46,ready
设备70,7,24,7033,229,867,19,867,46,ready
设备70,8,3,7123,252,885,24,888,19,ready
设备70,8,6,7117,252,879,24,885,19,ready
设备70,8,12,7105,252,867,24,879,19,ready
设备70,8,24,7081,252,843,24,867,19,ready
设备70,9,3,7122,263,889,8,885,24,ready
设备70,9,6,7116,262,886,8,879,24,ready
设备70,9,12,7104,262,880,8,867,24,ready
设备70,9,24,7080,262,868,8,843,24,ready
设备71,0,3,7138,579,890,70,891,27,ready
设备71,0,6,7129,579,887,70,888,27,ready
设备71,0,12,7111,578,881,70,882,27,ready
设备71,0,24,7075,574,869,68,870,27,ready
设备71,1,3,7135,501,891,104,890,70,ready
设备71,1,6,7123,501,888,104,887,70,ready
设备71,1,12,7099,498,882,104,881,70,ready
设备71,1,24,7051,495,870,102,869,68,ready
设备71,2,3,7135,511,890,60,891,104,ready
设备71,2,6,7123,511,887,60,888,104,ready
设备71,2,12,7099,510,881,58,882,104,ready
设备71,2,24,7051,508,869,57,870,102,ready
设备71,3,3,7139,585,887,31,890,60,ready
设备71,3,6,7130,585,881,31,887,60,ready
设备71,3,12,7112,585,869,30,881,58,ready
设备71,3,24,7076,583,845,28,869,57,ready
设备71,4,3,7138,572,891,74,887,31,ready
设备71,4,6,7129,572,888,74,881,31,ready
设备71,4,12,7111,572,882,74,869,30,ready
设备71,4,24,7075,569,870,72,845,28,ready
设备71,5,3,7135,514,890,89,891,74,ready
设备71,5,6,7123,514,887,89,888,74,ready
设备71,5,12,7099,512,881,89,882,74,ready
设备71,5,24,7051,507,869,86,870,72,ready
设备71,6,3,7135,477,891,111,890,89,ready
设备71,6,6,7123,477,888,111,887,89,ready
设备71,6,12,7099,475,882,110,881,89,ready
设备71,6,24,7051,472,870,107,869,86,ready
设备71,7,3,7135,510,890,55,891,111,ready
设备71,7,6,7123,510,887,55,888,111,ready
设备71,7,12,7099,509,881,54,882,110,ready
设备71,7,24,7051,507,869,53,870,107,ready
设备71,8,3,7142,568,887,53,890,55,ready
设备71,8,6,7136,568,881,53,887,55,ready
设备71,8,12,7124,567,869,53,881,54,ready
设备71,8,24,7100,565,845,53,869,53,ready
设备71,9,3,7141,596,891,27,887,53,ready
设备71,9,6,7135,596,888,27,881,53,ready
设备71,9,12,7123,595,882,27,869,53,ready
设备71,9,24,7099,591,870,27,845,53,ready
设备72,0,3,7138,513,890,60,891,26,ready
设备72,0,6,7129,513,887,60,888,26,ready
设备72,0,12,7111,512,881,60,882,26,ready
设备72,0,24,7075,509,869,58,870,26,ready
设备72,1,3,7135,442,891,96,890,60,ready
设备72,1,6,7123,442,888,96,887,60,ready
设备72,1,12,7099,439,882,96,881,60,ready
设备72,1,24,7051,437,870,94,869,58,ready
设备72,2,3,7135,443,890,59,891,96,ready
设备72,2,6,7123,443,887,59,888,96,ready
设备72,2,12,7099,442,881,57,882,96,ready
设备72,2,24,7051,441,869,56,870,94,ready
设备72,3,3,7139,516,887,24,890,59,ready
设备72,3,6,7130,516,881,24,887,59,ready
设备72,3,12,7112,516,869,23,881,57,ready
设备72,3,24,7076,515,845,22,869,56,ready
设备72,4,3,7138,519,891,57,887,24,ready
设备72,4,6,7129,519,888,57,881,24,ready
设备72,4,12,7111,519,882,57,869,23,ready
设备72,4,24,7075,518,870,56,845,22,ready
设备72,5,3,7135,472,890,71,891,57,ready
设备72,5,6,7123,472,887,71,888,57,ready
设备72,5,12,7099,470,881,71,882,57,ready
设备72,5,24,7051,466,869,70,870,56,ready
设备72,6,3,7135,428,891,101,890,71,ready
设备72,6,6,7123,427,888,101,887,71,ready
设备72,6,12,7099,425,882,100,881,71,ready
设备72,6,24,7051,423,870,97,869,70,ready
设备72,7,3,7135,446,890,52,891,101,ready
设备72,7,6,7123,446,887,51,888,101,ready
设备72,7,12,7099,445,881,50,882,100,ready
设备72,7,24,7051,444,869,49,870,97,ready
设备72,8,3,7142,496,887,51,890,52,ready
设备72,8,6,7136,496,881,51,887,51,ready
设备72,8,12,7124,495,869,51,881,50,ready
设备72,8,24,7100,494,845,51,869,49,ready
设备72,9,3,7141,522,891,26,887,51,ready
设备72,9,6,7135,522,888,26,881,51,ready
设备72,9,12,7123,521,882,26,869,51,ready
设备72,9,24,7099,518,870,26,845,51,ready
设备73,0,3,7079,543,883,59,884,39,ready
设备73,0,6,7070,541,880,58,881,38,ready
设备73,0,12,7052,539,874,58,875,38,ready
设备73,0,24,7016,537,862,58,863,38,ready
设备73,1,3,7077,477,883,105,883,59,ready
设备73,1,6,7065,476,880,103,880,58,ready
设备73,1,12,7041,473,874,103,874,58,ready
设备73,1,24,6993,468,862,103,862,58,ready
设备73,2,3,7077,480,883,57,883,105,ready
设备73,2,6,7065,479,880,57,880,103,ready
设备73,2,12,7041,477,874,56,874,103,ready
设备73,2,24,6993,475,862,53,862,103,ready
设备73,3,3,7080,543,880,42,883,57,ready
设备73,3,6,7071,542,874,42,880,57,ready
设备73,3,12,7053,541,862,40,874,56,ready
设备73,3,24,7017,541,838,38,862,53,ready
设备73,4,3,7080,520,883,80,880,42,ready
设备73,4,6,7071,519,880,80,874,42,ready
设备73,4,12,7053,519,874,79,862,40,ready
设备73,4,24,7017,519,862,79,838,38,ready
设备73,5,3,7077,494,883,68,883,80,ready
设备73,5,6,7065,493,880,68,880,80,ready
设备73,5,12,7041,491,874,68,874,79,ready
设备73,5,24,6993,487,862,68,862,79,ready
设备73,6,3,7077,476,883,97,883,68,ready
设备73,6,6,7065,475,880,97,880,68,ready
设备73,6,12,7041,473,874,97,874,68,ready
设备73,6,24,6993,468,862,95,862,68,ready
设备73,7,3,7077,502,883,42,883,97,ready
设备73,7,6,7065,501,880,42,880,97,ready
设备73,7,12,7041,499,874,42,874,97,ready
设备73,7,24,6993,497,862,39,862,95,ready
设备73,8,3,7083,548,880,51,883,42,ready
设备73,8,6,7077,547,874,51,880,42,ready
设备73,8,12,7065,545,862,51,874,42,ready
设备73,8,24,7041,543,838,51,862,39,ready
设备73,9,3,7082,551,884,39,880,51,ready
设备73,9,6,7076,550,881,38,874,51,ready
设备73,9,12,7064,548,875,38,862,51,ready
设备73,9,24,7040,546,863,38,838,51,ready
设备74,0,3,7079,325,883,46,884,29,ready
设备74,0,6,7070,325,880,45,881,28,ready
设备74,0,12,7052,322,874,45,875,28,ready
设备74,0,24,7016,320,862,45,863,28,ready
设备74,1,3,7077,297,883,57,883,46,ready
设备74,1,6,7065,296,880,57,880,45,ready
设备74,1,12,7041,295,874,55,874,45,ready
设备74,1,24,6993,293,862,54,862,45,ready
设备74,2,3,7077,304,883,39,883,57,ready
设备74,2,6,7065,303,880,39,880,57,ready
设备74,2,12,7041,302,874,39,874,55,ready
设备74,2,24,6993,301,862,38,862,54,ready
设备74,3,3,7080,329,880,32,883,39,ready
设备74,3,6,7071,328,874,32,880,39,ready
设备74,3,12,7053,327,862,31,874,39,ready
设备74,3,24,7017,327,838,30,862,38,ready
设备74,4,3,7080,321,883,47,880,32,ready
设备74,4,6,7071,320,880,47,874,32,ready
设备74,4,12,7053,320,874,46,862,31,ready
设备74,4,24,7017,320,862,46,838,30,ready
设备74,5,3,7077,315,883,38,883,47,ready
设备74,5,6,7065,314,880,38,880,47,ready
设备74,5,12,7041,313,874,38,874,46,ready
设备74,5,24,6993,311,862,38,862,46,ready
设备74,6,3,7077,311,883,50,883,38,ready
设备74,6,6,7065,310,880,50,880,38,ready
设备74,6,12,7041,309,874,50,874,38,ready
设备74,6,24,6993,307,862,49,862,38,ready
设备74,7,3,7077,321,883,28,883,50,ready
设备74,7,6,7065,320,880,28,880,50,ready
设备74,7,12,7041,319,874,28,874,50,ready
设备74,7,24,6993,318,862,27,862,49,ready
设备74,8,3,7083,338,880,33,883,28,ready
设备74,8,6,7077,337,874,33,880,28,ready
设备74,8,12,7065,336,862,33,874,28,ready
设备74,8,24,7041,335,838,33,862,27,ready
设备74,9,3,7082,338,884,29,880,33,ready
设备74,9,6,7076,337,881,28,874,33,ready
设备74,9,12,7064,336,875,28,862,33,ready
设备74,9,24,7040,335,863,28,838,33,ready
设备75,0,3,6146,160,767,20,768,27,ready
设备75,0,6,6131,160,764,20,765,27,ready
设备75,0,12,6101,159,758,20,759,27,ready
设备75,0,24,6041,158,746,20,747,27,ready
设备75,1,3,6144,154,767,33,767,20,ready
设备75,1,6,6126,154,764,33,764,20,ready
设备75,1,12,6090,153,758,33,758,20,ready
设备75,1,24,6018,152,746,33,746,20,ready
设备75,2,3,6144,147,767,27,767,33,ready
设备75,2,6,6126,147,764,27,764,33,ready
设备75,2,12,6090,146,758,27,758,33,ready
设备75,2,24,6018,145,746,27,746,33,ready
设备75,3,3,6150,165,761,15,767,27,ready
设备75,3,6,6138,164,752,15,764,27,ready
设备75,3,12,6114,164,734,14,758,27,ready
设备75,3,24,6066,164,698,13,746,27,ready
设备75,4,3,6149,184,768,5,761,15,ready
设备75,4,6,6139,183,765,4,752,15,ready
设备75,4,12,6121,183,759,4,734,14,ready
设备75,4,24,6085,183,747,4,698,13,ready
设备75,5,3,6146,179,764,20,768,5,ready
设备75,5,6,6131,179,760,19,765,4,ready
设备75,5,12,6101,178,754,19,759,4,ready
设备75,5,24,6041,177,742,19,747,4,ready
设备75,6,3,6147,172,767,12,764,20,ready
设备75,6,6,6132,172,764,12,760,19,ready
设备75,6,12,6102,171,758,12,754,19,ready
设备75,6,24,6042,170,746,12,742,19,ready
设备75,7,3,6144,177,767,17,767,12,ready
设备75,7,6,6126,176,764,17,764,12,ready
设备75,7,12,6090,175,758,17,758,12,ready
设备75,7,24,6018,174,746,17,746,12,ready
设备75,8,3,6150,162,764,27,767,17,ready
设备75,8,6,6138,162,758,26,764,17,ready
设备75,8,12,6114,161,746,26,758,17,ready
设备75,8,24,6066,160,722,26,746,17,ready
设备75,9,3,6149,152,768,27,764,27,ready
设备75,9,6,6137,152,765,27,758,26,ready
设备75,9,12,6113,151,759,27,746,26,ready
设备75,9,24,6065,150,747,27,722,26,ready
设备76,0,3,5928,146,740,13,741,17,ready
设备76,0,6,5913,145,737,13,738,17,ready
设备76,0,12,5883,143,731,13,732,17,ready
设备76,0,24,5823,140,719,13,720,17,ready
设备76,1,3,5926,138,740,25,740,13,ready
设备76,1,6,5908,137,737,25,737,13,ready
设备76,1,12,5872,135,731,25,731,13,ready
设备76,1,24,5800,132,719,23,719,13,ready
设备76,2,3,5926,122,740,29,740,25,ready
设备76,2,6,5908,120,737,29,737,25,ready
设备76,2,12,5872,118,731,29,731,25,ready
设备76,2,24,5800,117,719,27,719,23,ready
设备76,3,3,5929,142,737,5,740,29,ready
设备76,3,6,5914,141,731,4,737,29,ready
设备76,3,12,5884,139,719,4,731,29,ready
设备76,3,24,5824,138,700,4,719,27,ready
设备76,4,3,5936,148,733,23,737,5,ready
设备76,4,6,5927,147,724,23,731,4,ready
设备76,4,12,5909,146,706,22,719,4,ready
设备76,4,24,5873,146,670,21,700,4,ready
设备76,5,3,5933,136,740,17,733,23,ready
设备76,5,6,5921,135,737,17,724,23,ready
设备76,5,12,5897,134,731,17,706,22,ready
设备76,5,24,5854,134,719,17,670,21,ready
设备76,6,3,5926,140,740,19,740,17,ready
设备76,6,6,5908,139,737,19,737,17,ready
设备76,6,12,5872,137,731,19,731,17,ready
设备76,6,24,5800,136,719,19,719,17,ready
设备76,7,3,5926,145,740,12,740,19,ready
设备76,7,6,5908,144,737,12,737,19,ready
设备76,7,12,5872,142,731,12,731,19,ready
设备76,7,24,5800,141,719,12,719,19,ready
设备76,8,3,5932,148,737,16,740,12,ready
设备76,8,6,5920,148,731,15,737,12,ready
设备76,8,12,5896,147,719,14,731,12,ready
设备76,8,24,5848,146,695,14,719,12,ready
设备76,9,3,5931,143,741,17,737,16,ready
设备76,9,6,5919,143,738,17,731,15,ready
设备76,9,12,5895,142,732,17,719,14,ready
设备76,9,24,5847,141,720,17,695,14,ready
设备77,0,3,1054,7,127,1,132,0,ready
设备77,0,6,1039,7,121,1,129,0,ready
设备77,0,12,1009,7,109,1,123,0,ready
设备77,0,24,949,7,85,1,111,0,ready
设备77,1,3,1052,7,131,0,127,1,ready
设备77,1,6,1034,7,128,0,121,1,ready
设备77,1,12,998,7,122,0,109,1,ready
设备77,1,24,926,7,110,0,85,1,ready
设备77,2,3,1053,7,126,1,131,0,ready
设备77,2,6,1035,7,120,1,128,0,ready
设备77,2,12,999,7,108,1,122,0,ready
设备77,2,24,927,7,84,1,110,0,ready
设备77,3,3,1053,6,131,1,126,1,ready
设备77,3,6,1035,6,128,1,120,1,ready
设备77,3,12,999,6,122,1,108,1,ready
设备77,3,24,927,6,110,1,84,1,ready
设备77,4,3,1047,7,132,0,131,1,ready
设备77,4,6,1026,7,129,0,128,1,ready
设备77,4,12,984,7,123,0,122,1,ready
设备77,4,24,900,7,111,0,110,1,ready
设备77,5,3,1050,7,129,1,132,0,ready
设备77,5,6,1032,7,126,1,129,0,ready
设备77,5,12,996,7,120,1,123,0,ready
设备77,5,24,924,7,108,1,111,0,ready
设备77,6,3,1056,6,126,1,129,1,ready
设备77,6,6,1041,6,120,1,126,1,ready
设备77,6,12,1011,6,108,1,120,1,ready
设备77,6,24,951,6,84,1,108,1,ready
设备77,7,3,1054,7,131,0,126,1,ready
设备77,7,6,1039,7,128,0,120,1,ready
设备77,7,12,1009,7,122,0,108,1,ready
设备77,7,24,949,7,110,0,84,1,ready
设备77,8,3,1054,5,128,3,131,0,ready
设备77,8,6,1039,5,122,3,128,0,ready
设备77,8,12,1009,5,110,3,122,0,ready
设备77,8,24,949,5,86,3,110,0,ready
设备77,9,3,1053,5,132,0,128,3,ready
设备77,9,6,1038,5,129,0,122,3,ready
设备77,9,12,1008,5,123,0,110,3,ready
设备77,9,24,948,5,111,0,86,3,ready
设备78,0,3,4174,277,521,22,518,41,ready
设备78,0,6,4156,276,518,22,512,41,ready
设备78,0,12,4126,275,512,22,500,40,ready
设备78,0,24,4072,273,500,22,476,40,ready
设备78,1,3,4168,299,521,19,521,22,ready
设备78,1,6,4144,298,518,19,518,22,ready
设备78,1,12,4102,296,512,19,512,22,ready
设备78,1,24,4024,295,500,18,500,22,ready
设备78,2,3,4168,243,521,76,521,19,ready
设备78,2,6,4144,240,518,76,518,19,ready
设备78,2,12,4102,235,512,76,512,19,ready
设备78,2,24,4024,231,500,76,500,18,ready
设备78,3,3,4168,193,521,70,521,76,ready
设备78,3,6,4144,192,518,68,518,76,ready
设备78,3,12,4102,190,512,65,512,76,ready
设备78,3,24,4024,189,500,62,500,76,ready
设备78,4,3,4177,254,512,15,521,70,ready
设备78,4,6,4162,253,500,15,518,68,ready
设备78,4,12,4138,252,476,14,512,65,ready
设备78,4,24,4090,252,434,13,500,62,ready
设备78,5,3,4177,293,521,33,512,15,ready
设备78,5,6,4162,292,518,33,500,15,ready
设备78,5,12,4138,291,512,33,476,14,ready
设备78,5,24,4090,289,500,33,434,13,ready
设备78,6,3,4168,269,521,39,521,33,ready
设备78,6,6,4144,268,518,39,518,33,ready
设备78,6,12,4102,266,512,39,512,33,ready
设备78,6,24,4024,265,500,37,500,33,ready
设备78,7,3,4174,284,515,18,521,39,ready
设备78,7,6,4156,284,506,17,518,39,ready
设备78,7,12,4120,282,494,17,512,39,ready
设备78,7,24,4054,281,470,17,500,37,ready
设备78,8,3,4177,318,521,5,515,18,ready
设备78,8,6,4162,318,518,5,506,17,ready
设备78,8,12,4132,316,512,5,494,17,ready
设备78,8,24,4078,315,500,5,470,17,ready
设备78,9,3,4174,295,518,41,521,5,ready
设备78,9,6,4156,294,512,41,518,5,ready
设备78,9,12,4126,293,500,40,512,5,ready
设备78,9,24,4072,292,476,40,500,5,ready
设备79,0,3,6392,223,794,18,798,18,ready
设备79,0,6,6380,221,788,18,795,18,ready
设备79,0,12,6356,220,776,18,789,18,ready
设备79,0,24,6308,220,752,18,777,18,ready
设备79,1,3,6392,209,795,32,794,18,ready
设备79,1,6,6380,207,789,31,788,18,ready
设备79,1,12,6356,207,777,30,776,18,ready
设备79,1,24,6308,207,753,30,752,18,ready
设备79,2,3,6395,202,791,25,795,32,ready
设备79,2,6,6386,202,782,23,789,31,ready
设备79,2,12,6368,202,764,23,777,30,ready
设备79,2,24,6332,202,728,23,753,30,ready
设备79,3,3,6392,204,798,30,791,25,ready
设备79,3,6,6380,203,795,30,782,23,ready
设备79,3,12,6356,202,789,30,764,23,ready
设备79,3,24,6308,202,777,30,728,23,ready
设备79,4,3,6386,206,797,23,798,30,ready
设备79,4,6,6368,204,794,23,795,30,ready
设备79,4,12,6332,202,788,23,789,30,ready
设备79,4,24,6260,200,776,23,777,30,ready
设备79,5,3,6386,186,798,50,797,23,ready
设备79,5,6,6368,184,795,50,794,23,ready
设备79,5,12,6332,183,789,49,788,23,ready
设备79,5,24,6260,182,777,47,776,23,ready
设备79,6,3,6386,178,797,31,798,50,ready
设备79,6,6,6368,176,794,31,795,50,ready
设备79,6,12,6332,175,788,31,789,49,ready
设备79,6,24,6260,175,776,30,777,47,ready
设备79,7,3,6386,215,798,13,797,31,ready
设备79,7,6,6368,213,795,13,794,31,ready
设备79,7,12,6332,212,789,13,788,31,ready
设备79,7,24,6260,212,777,13,776,30,ready
设备79,8,3,6389,227,797,19,798,13,ready
设备79,8,6,6374,225,794,19,795,13,ready
设备79,8,12,6344,224,788,19,789,13,ready
设备79,8,24,6284,224,776,19,777,13,ready
设备79,9,3,6389,222,798,18,797,19,ready
设备79,9,6,6374,220,795,18,794,19,ready
设备79,9,12,6344,219,789,18,788,19,ready
设备79,9,24,6284,219,777,18,776,19,ready
设备7,0,3,1820,97,225,1,225,6,ready
设备7,0,6,1817,97,222,1,222,6,ready
设备7,0,12,1811,97,216,1,216,6,ready
设备7,0,24,1799,96,204,1,204,6,ready
设备7,1,3,1817,100,225,3,225,1,ready
设备7,1,6,1811,100,222,3,222,1,ready
设备7,1,12,1799,100,216,3,216,1,ready
设备7,1,24,1775,97,204,2,204,1,ready
设备7,2,3,1817,88,225,13,225,3,ready
设备7,2,6,1811,87,222,13,222,3,ready
设备7,2,12,1799,87,216,13,216,3,ready
设备7,2,24,1775,87,204,10,204,2,ready
设备7,3,3,1817,74,225,17,225,13,ready
设备7,3,6,1811,74,222,16,222,13,ready
设备7,3,12,1799,72,216,16,216,13,ready
设备7,3,24,1775,69,204,16,204,10,ready
设备7,4,3,1817,60,225,26,225,17,ready
设备7,4,6,1811,59,222,26,222,16,ready
设备7,4,12,1799,59,216,24,216,16,ready
设备7,4,24,1775,57,204,21,204,16,ready
设备7,5,3,1817,63,225,14,225,26,ready
设备7,5,6,1811,63,222,13,222,26,ready
设备7,5,12,1799,63,216,13,216,24,ready
设备7,5,24,1775,63,204,11,204,21,ready
设备7,6,3,1817,83,225,6,225,14,ready
设备7,6,6,1811,82,222,6,222,13,ready
设备7,6,12,1799,82,216,6,216,13,ready
设备7,6,24,1775,81,204,6,204,11,ready
设备7,7,3,1817,90,225,8,225,6,ready
设备7,7,6,1811,90,222,7,222,6,ready
设备7,7,12,1799,90,216,7,216,6,ready
设备7,7,24,1775,90,204,6,204,6,ready
设备7,8,3,1821,87,224,9,225,8,ready
设备7,8,6,1818,87,221,9,222,7,ready
设备7,8,12,1812,87,215,9,216,7,ready
设备7,8,24,1800,87,203,9,204,6,ready
设备7,9,3,1821,89,225,6,224,9,ready
设备7,9,6,1818,89,222,6,221,9,ready
设备7,9,12,1812,89,216,6,215,9,ready
设备7,9,24,1800,89,204,6,203,9,ready
设备80,0,3,7105,230,886,14,887,25,ready
设备80,0,6,7096,228,883,14,884,25,ready
设备80,0,12,7078,226,877,14,878,25,ready
设备80,0,24,7042,226,865,13,866,25,ready
设备80,1,3,7106,221,883,34,886,14,ready
设备80,1,6,7097,221,877,32,883,14,ready
设备80,1,12,7079,221,865,30,877,14,ready
设备80,1,24,7043,221,841,30,865,13,ready
设备80,2,3,7105,221,887,15,883,34,ready
设备80,2,6,7096,221,884,15,877,32,ready
设备80,2,12,7078,221,878,15,865,30,ready
设备80,2,24,7042,221,866,15,841,30,ready
设备80,3,3,7105,226,883,30,887,15,ready
设备80,3,6,7096,226,877,30,884,15,ready
设备80,3,12,7078,225,865,30,878,15,ready
设备80,3,24,7042,225,841,30,866,15,ready
设备80,4,3,7106,212,886,29,883,30,ready
设备80,4,6,7097,212,883,29,877,30,ready
设备80,4,12,7079,211,877,29,865,30,ready
设备80,4,24,7043,211,865,29,841,30,ready
设备80,5,3,7102,201,887,41,886,29,ready
设备80,5,6,7090,201,884,41,883,29,ready
设备80,5,12,7066,199,878,41,877,29,ready
设备80,5,24,7018,199,866,41,865,29,ready
设备80,6,3,7102,184,886,46,887,41,ready
设备80,6,6,7090,184,883,46,884,41,ready
设备80,6,12,7066,183,877,45,878,41,ready
设备80,6,24,7018,183,865,45,866,41,ready
设备80,7,3,7103,210,886,15,886,46,ready
设备80,7,6,7091,210,883,15,883,46,ready
设备80,7,12,7067,209,877,15,877,45,ready
设备80,7,24,7019,209,865,15,865,45,ready
设备80,8,3,7106,236,886,20,886,15,ready
设备80,8,6,7097,236,883,20,883,15,ready
设备80,8,12,7079,235,877,20,877,15,ready
设备80,8,24,7043,235,865,20,865,15,ready
设备80,9,3,7105,225,887,25,886,20,ready
设备80,9,6,7096,225,884,25,883,20,ready
设备80,9,12,7078,224,878,25,877,20,ready
设备80,9,24,7042,223,866,25,865,20,ready
设备81,0,3,768,38,93,0,94,0,ready
设备81,0,6,765,38,90,0,91,0,ready
设备81,0,12,759,38,84,0,85,0,ready
设备81,0,24,747,38,72,0,73,0,ready
设备81,1,3,765,33,94,5,93,0,ready
设备81,1,6,759,33,91,5,90,0,ready
设备81,1,12,747,33,85,5,84,0,ready
设备81,1,24,723,33,73,5,72,0,ready
设备81,2,3,765,31,93,2,94,5,ready
设备81,2,6,759,31,90,2,91,5,ready
设备81,2,12,747,31,84,2,85,5,ready
设备81,2,24,723,30,72,2,73,5,ready
设备81,3,3,766,35,93,1,93,2,ready
设备81,3,6,760,35,90,1,90,2,ready
设备81,3,12,748,35,84,1,84,2,ready
设备81,3,24,724,35,72,0,72,2,ready
设备81,4,3,765,37,94,0,93,1,ready
设备81,4,6,759,37,91,0,90,1,ready
设备81,4,12,747,37,85,0,84,1,ready
设备81,4,24,723,37,73,0,72,0,ready
设备81,5,3,765,34,93,4,94,0,ready
设备81,5,6,759,33,90,4,91,0,ready
设备81,5,12,747,33,84,4,85,0,ready
设备81,5,24,723,33,72,4,73,0,ready
设备81,6,3,765,19,94,15,93,4,ready
设备81,6,6,759,19,91,14,90,4,ready
设备81,6,12,747,19,85,14,84,4,ready
设备81,6,24,723,18,73,14,72,4,ready
设备81,7,3,765,16,93,7,94,15,ready
设备81,7,6,759,16,90,7,91,14,ready
设备81,7,12,747,16,84,7,85,14,ready
设备81,7,24,723,16,72,6,73,14,ready
设备81,8,3,769,27,93,4,93,7,ready
设备81,8,6,766,27,90,4,90,7,ready
设备81,8,12,760,27,84,4,84,7,ready
设备81,8,24,748,27,72,4,72,6,ready
设备81,9,3,768,34,94,0,93,4,ready
设备81,9,6,765,34,91,0,90,4,ready
设备81,9,12,759,34,85,0,84,4,ready
设备81,9,24,747,34,73,0,72,4,ready
设备82,0,3,7055,257,880,37,881,23,ready
设备82,0,6,7046,257,877,37,878,23,ready
设备82,0,12,7028,257,871,37,872,23,ready
设备82,0,24,6992,256,859,37,860,23,ready
设备82,1,3,7053,208,880,72,880,37,ready
设备82,1,6,7041,208,877,72,877,37,ready
设备82,1,12,7017,208,871,72,871,37,ready
设备82,1,24,6969,208,859,71,859,37,ready
设备82,2,3,7056,224,877,21,880,72,ready
设备82,2,6,7047,224,871,21,877,72,ready
设备82,2,12,7029,224,859,21,871,72,ready
设备82,2,24,6993,224,835,21,859,71,ready
设备82,3,3,7059,263,877,33,877,21,ready
设备82,3,6,7053,263,871,33,871,21,ready
设备82,3,12,7041,263,859,33,859,21,ready
设备82,3,24,7017,263,835,33,835,21,ready
设备82,4,3,7056,263,880,21,877,33,ready
设备82,4,6,7047,263,877,21,871,33,ready
设备82,4,12,7029,262,871,21,859,33,ready
设备82,4,24,6993,262,859,21,835,33,ready
设备82,5,3,7053,241,880,55,880,21,ready
设备82,5,6,7041,241,877,55,877,21,ready
设备82,5,12,7017,241,871,54,871,21,ready
设备82,5,24,6969,241,859,54,859,21,ready
设备82,6,3,7053,230,880,32,880,55,ready
设备82,6,6,7041,230,877,32,877,55,ready
设备82,6,12,7017,230,871,32,871,54,ready
设备82,6,24,6969,230,859,32,859,54,ready
设备82,7,3,7053,273,880,12,880,32,ready
设备82,7,6,7041,273,877,12,877,32,ready
设备82,7,12,7017,273,871,12,871,32,ready
设备82,7,24,6969,273,859,12,859,32,ready
设备82,8,3,7056,294,880,11,880,12,ready
设备82,8,6,7047,294,877,11,877,12,ready
设备82,8,12,7029,294,871,11,871,12,ready
设备82,8,24,6993,294,859,11,859,12,ready
设备82,9,3,7055,283,881,23,880,11,ready
设备82,9,6,7046,283,878,23,877,11,ready
设备82,9,12,7028,283,872,23,871,11,ready
设备82,9,24,6992,283,860,23,859,11,ready
设备83,0,3,7410,699,924,88,925,70,ready
设备83,0,6,7404,698,921,88,922,70,ready
设备83,0,12,7392,696,915,88,916,70,ready
设备83,0,24,7368,695,903,88,904,70,ready
设备83,1,3,7408,640,924,129,924,88,ready
设备83,1,6,7399,639,921,129,921,88,ready
设备83,1,12,7381,636,915,129,915,88,ready
设备83,1,24,7345,629,903,129,903,88,ready
设备83,2,3,7408,644,924,83,924,129,ready
设备83,2,6,7399,643,921,83,921,129,ready
设备83,2,12,7381,641,915,82,915,129,ready
设备83,2,24,7345,640,903,76,903,129,ready
设备83,3,3,7411,705,921,68,924,83,ready
设备83,3,6,7405,705,915,67,921,83,ready
设备83,3,12,7393,705,903,65,915,82,ready
设备83,3,24,7369,705,879,64,903,76,ready
设备83,4,3,7411,732,924,56,921,68,ready
设备83,4,6,7405,732,921,56,915,67,ready
设备83,4,12,7393,732,915,56,903,65,ready
设备83,4,24,7369,732,903,56,879,64,ready
设备83,5,3,7408,719,924,81,924,56,ready
设备83,5,6,7399,718,921,81,921,56,ready
设备83,5,12,7381,713,915,81,915,56,ready
设备83,5,24,7345,710,903,81,903,56,ready
设备83,6,3,7408,652,924,123,924,81,ready
设备83,6,6,7399,651,921,123,921,81,ready
设备83,6,12,7381,649,915,120,915,81,ready
设备83,6,24,7345,648,903,118,903,81,ready
设备83,7,3,7408,632,924,101,924,123,ready
设备83,7,6,7399,631,921,101,921,123,ready
设备83,7,12,7381,629,915,101,915,120,ready
设备83,7,24,7345,628,903,101,903,118,ready
设备83,8,3,7411,700,924,56,924,101,ready
设备83,8,6,7405,699,921,56,921,101,ready
设备83,8,12,7393,697,915,56,915,101,ready
设备83,8,24,7369,696,903,56,903,101,ready
设备83,9,3,7410,731,925,70,924,56,ready
设备83,9,6,7404,730,922,70,921,56,ready
设备83,9,12,7392,728,916,70,915,56,ready
设备83,9,24,7368,727,904,70,903,56,ready
设备84,0,3,1647,20,201,4,206,1,ready
设备84,0,6,1629,20,195,2,203,1,ready
设备84,0,12,1593,20,188,1,197,1,ready
设备84,0,24,1521,19,176,1,185,1,ready
设备84,1,3,1644,20,206,1,201,4,ready
设备84,1,6,1623,20,203,1,195,2,ready
设备84,1,12,1581,20,197,1,188,1,ready
设备84,1,24,1497,19,185,1,176,1,ready
设备84,2,3,1640,23,205,1,206,1,ready
设备84,2,6,1616,21,202,1,203,1,ready
设备84,2,12,1568,21,196,1,197,1,ready
设备84,2,24,1472,20,184,1,185,1,ready
设备84,3,3,1645,21,201,3,205,1,ready
设备84,3,6,1624,19,195,3,202,1,ready
设备84,3,12,1582,19,183,3,196,1,ready
设备84,3,24,1498,18,159,3,184,1,ready
设备84,4,3,1652,19,198,3,201,3,ready
设备84,4,6,1637,17,189,3,195,3,ready
设备84,4,12,1607,17,171,3,183,3,ready
设备84,4,24,1547,17,135,2,159,3,ready
设备84,5,3,1650,16,203,6,198,3,ready
设备84,5,6,1635,14,197,6,189,3,ready
设备84,5,12,1605,14,185,6,171,3,ready
设备84,5,24,1545,14,173,6,135,2,ready
设备84,6,3,1643,18,205,1,203,6,ready
设备84,6,6,1622,16,202,1,197,6,ready
设备84,6,12,1580,16,196,1,185,6,ready
设备84,6,24,1496,15,184,1,173,6,ready
设备84,7,3,1640,23,206,1,205,1,ready
设备84,7,6,1616,21,203,1,202,1,ready
设备84,7,12,1568,21,197,1,196,1,ready
设备84,7,24,1484,20,185,1,184,1,ready
设备84,8,3,1646,20,202,4,206,1,ready
设备84,8,6,1628,18,196,4,203,1,ready
设备84,8,12,1592,18,184,4,197,1,ready
设备84,8,24,1520,17,160,4,185,1,ready
设备84,9,3,1646,20,206,1,202,4,ready
设备84,9,6,1628,18,203,1,196,4,ready
设备84,9,12,1597,17,197,1,184,4,ready
设备84,9,24,1537,16,185,1,160,4,ready
设备85,0,3,7378,594,920,139,920,98,ready
设备85,0,6,7372,593,917,139,917,97,ready
设备85,0,12,7360,592,911,139,911,96,ready
设备85,0,24,7336,588,899,137,899,96,ready
设备85,1,3,7375,536,920,155,920,139,ready
设备85,1,6,7366,534,917,155,917,139,ready
设备85,1,12,7348,531,911,155,911,139,ready
设备85,1,24,7312,528,899,152,899,137,ready
设备85,2,3,7375,617,920,58,920,155,ready
设备85,2,6,7366,615,917,58,917,155,ready
设备85,2,12,7348,613,911,57,911,155,ready
设备85,2,24,7312,611,899,55,899,152,ready
设备85,3,3,7378,722,917,50,920,58,ready
设备85,3,6,7372,721,911,49,917,58,ready
设备85,3,12,7360,720,899,48,911,57,ready
设备85,3,24,7336,720,875,46,899,55,ready
设备85,4,3,7378,726,920,54,917,50,ready
设备85,4,6,7372,725,917,54,911,49,ready
设备85,4,12,7360,724,911,54,899,48,ready
设备85,4,24,7336,720,899,54,875,46,ready
设备85,5,3,7375,659,920,117,920,54,ready
设备85,5,6,7366,657,917,117,917,54,ready
设备85,5,12,7348,653,911,117,911,54,ready
设备85,5,24,7312,652,899,113,899,54,ready
设备85,6,3,7375,615,920,98,920,117,ready
设备85,6,6,7366,613,917,98,917,117,ready
设备85,6,12,7348,611,911,96,911,117,ready
设备85,6,24,7312,610,899,96,899,113,ready
设备85,7,3,7375,711,920,22,920,98,ready
设备85,7,6,7366,709,917,22,917,98,ready
设备85,7,12,7348,707,911,22,911,96,ready
设备85,7,24,7312,706,899,22,899,96,ready
设备85,8,3,7378,771,920,38,920,22,ready
设备85,8,6,7372,769,917,38,917,22,ready
设备85,8,12,7360,767,911,38,911,22,ready
设备85,8,24,7336,766,899,38,899,22,ready
设备85,9,3,7378,695,920,98,920,38,ready
设备85,9,6,7372,694,917,97,917,38,ready
设备85,9,12,7360,693,911,96,911,38,ready
设备85,9,24,7336,690,899,96,899,38,ready
设备86,0,3,7428,2227,926,143,927,103,ready
设备86,0,6,7422,2224,923,142,924,102,ready
设备86,0,12,7410,2217,917,140,918,101,ready
设备86,0,24,7386,2202,905,140,906,101,ready
设备86,1,3,7426,2161,926,168,926,143,ready
设备86,1,6,7417,2156,923,168,923,142,ready
设备86,1,12,7399,2148,917,167,917,140,ready
设备86,1,24,7363,2134,905,164,905,140,ready
设备86,2,3,7425,2227,927,76,926,168,ready
设备86,2,6,7416,2222,924,75,923,168,ready
设备86,2,12,7398,2215,918,74,917,167,ready
设备86,2,24,7362,2203,906,72,905,164,ready
设备86,3,3,7428,1540,923,852,927,76,ready
设备86,3,6,7422,1536,917,848,924,75,ready
设备86,3,12,7410,1529,905,842,918,74,ready
设备86,3,24,7386,1517,881,830,906,72,ready
设备86,4,3,7429,993,926,624,923,852,ready
设备86,4,6,7423,992,923,621,917,848,ready
设备86,4,12,7411,991,917,615,905,842,ready
设备86,4,24,7387,989,905,603,881,830,ready
设备86,5,3,7425,1536,927,309,926,624,ready
设备86,5,6,7416,1531,924,309,923,621,ready
设备86,5,12,7398,1522,918,309,917,615,ready
设备86,5,24,7362,1510,906,307,905,603,ready
设备86,6,3,7425,2053,926,110,927,309,ready
设备86,6,6,7416,2049,923,109,924,309,ready
设备86,6,12,7398,2042,917,107,918,309,ready
设备86,6,24,7362,2030,905,107,906,307,ready
设备86,7,3,7426,2335,926,27,926,110,ready
设备86,7,6,7417,2331,923,27,923,109,ready
设备86,7,12,7399,2324,917,27,917,107,ready
设备86,7,24,7363,2312,905,27,905,107,ready
设备86,8,3,7429,2391,926,55,926,27,ready
设备86,8,6,7423,2387,923,55,923,27,ready
设备86,8,12,7411,2380,917,55,917,27,ready
设备86,8,24,7387,2368,905,55,905,27,ready
设备86,9,3,7428,2315,927,103,926,55,ready
设备86,9,6,7422,2311,924,102,923,55,ready
设备86,9,12,7410,2303,918,101,917,55,ready
设备86,9,24,7386,2291,906,101,905,55,ready
设备8,0,3,1026,38,126,3,127,0,ready
设备8,0,6,1020,38,123,3,124,0,ready
设备8,0,12,1008,37,117,3,118,0,ready
设备8,0,24,984,37,105,3,106,0,ready
设备8,1,3,1024,34,126,4,126,3,ready
设备8,1,6,1015,34,123,4,123,3,ready
设备8,1,12,997,33,117,4,117,3,ready
设备8,1,24,961,31,105,4,105,3,ready
设备8,2,3,1024,33,126,4,126,4,ready
设备8,2,6,1015,33,123,4,123,4,ready
设备8,2,12,997,32,117,4,117,4,ready
设备8,2,24,961,32,105,2,105,4,ready
设备8,3,3,1024,37,126,0,126,4,ready
设备8,3,6,1015,37,123,0,123,4,ready
设备8,3,12,997,36,117,0,117,4,ready
设备8,3,24,961,36,105,0,105,2,ready
设备8,4,3,1024,40,126,1,126,0,ready
设备8,4,6,1015,40,123,1,123,0,ready
设备8,4,12,997,39,117,1,117,0,ready
设备8,4,24,961,38,105,1,105,0,ready
设备8,5,3,1024,27,126,10,126,1,ready
设备8,5,6,1015,27,123,10,123,1,ready
设备8,5,12,997,26,117,10,117,1,ready
设备8,5,24,961,26,105,9,105,1,ready
设备8,6,3,1027,24,126,4,126,10,ready
设备8,6,6,1021,24,123,4,123,10,ready
设备8,6,12,1009,23,117,4,117,10,ready
设备8,6,24,985,23,105,4,105,9,ready
设备8,7,3,1027,25,126,9,126,4,ready
设备8,7,6,1021,25,123,9,123,4,ready
设备8,7,12,1009,25,117,8,117,4,ready
设备8,7,24,985,25,105,8,105,4,ready
设备8,8,3,1030,29,126,3,126,9,ready
设备8,8,6,1027,29,123,3,123,9,ready
设备8,8,12,1021,29,117,3,117,8,ready
设备8,8,24,1009,29,105,3,105,8,ready
设备8,9,3,1026,38,127,0,126,3,ready
设备8,9,6,1020,38,124,0,123,3,ready
设备8,9,12,1008,37,118,0,117,3,ready
设备8,9,24,984,37,106,0,105,3,ready
设备9,0,3,1026,35,126,2,127,0,ready
设备9,0,6,1020,35,123,2,124,0,ready
设备9,0,12,1008,34,117,2,118,0,ready
设备9,0,24,984,34,105,2,106,0,ready
设备9,1,3,1024,31,126,4,126,2,ready
设备9,1,6,1015,31,123,4,123,2,ready
设备9,1,12,997,30,117,4,117,2,ready
设备9,1,24,961,29,105,4,105,2,ready
设备9,2,3,1024,30,126,3,126,4,ready
设备9,2,6,1015,30,123,3,123,4,ready
设备9,2,12,997,29,117,3,117,4,ready
设备9,2,24,961,29,105,2,105,4,ready
设备9,3,3,1024,34,126,0,126,3,ready
设备9,3,6,1015,34,123,0,123,3,ready
设备9,3,12,997,33,117,0,117,3,ready
设备9,3,24,961,33,105,0,105,2,ready
设备9,4,3,1024,36,126,1,126,0,ready
设备9,4,6,1015,36,123,1,123,0,ready
设备9,4,12,997,35,117,1,117,0,ready
设备9,4,24,961,34,105,1,105,0,ready
设备9,5,3,1024,24,126,9,126,1,ready
设备9,5,6,1015,24,123,9,123,1,ready
设备9,5,12,997,23,117,9,117,1,ready
设备9,5,24,961,23,105,8,105,1,ready
设备9,6,3,1027,21,126,4,126,9,ready
设备9,6,6,1021,21,123,4,123,9,ready
设备9,6,12,1009,20,117,4,117,9,ready
设备9,6,24,985,20,105,4,105,8,ready
设备9,7,3,1027,22,126,8,126,4,ready
设备9,7,6,1021,22,123,8,123,4,ready
设备9,7,12,1009,22,117,7,117,4,ready
设备9,7,24,985,22,105,7,105,4,ready
设备9,8,3,1030,26,126,3,126,8,ready
设备9,8,6,1027,26,123,3,123,8,ready
设备9,8,12,1021,26,117,3,117,7,ready
设备9,8,24,1009,26,105,3,105,7,ready
设备9,9,3,1026,34,127,0,126,3,ready
设备9,9,6,1020,34,124,0,123,3,ready
设备9,9,12,1008,33,118,0,117,3,ready
设备9,9,24,984,33,106,0,105,3,ready
